[{"model": "admin.logentry", "pk": 1, "fields": {"action_time": "2024-05-06T04:06:27.119Z", "user": 1, "content_type": 19, "object_id": "1", "object_repr": "Paragraph object (1)", "action_flag": 1, "change_message": "[{\"added\": {}}]"}}, {"model": "admin.logentry", "pk": 2, "fields": {"action_time": "2024-05-06T04:06:57.832Z", "user": 1, "content_type": 19, "object_id": "2", "object_repr": "Paragraph object (2)", "action_flag": 1, "change_message": "[{\"added\": {}}]"}}, {"model": "admin.logentry", "pk": 3, "fields": {"action_time": "2024-05-06T04:08:10.201Z", "user": 1, "content_type": 19, "object_id": "3", "object_repr": "Paragraph object (3)", "action_flag": 1, "change_message": "[{\"added\": {}}]"}}, {"model": "admin.logentry", "pk": 4, "fields": {"action_time": "2024-05-06T04:09:31.256Z", "user": 1, "content_type": 7, "object_id": "1", "object_repr": "Image object (1)", "action_flag": 1, "change_message": "[{\"added\": {}}]"}}, {"model": "admin.logentry", "pk": 5, "fields": {"action_time": "2024-05-06T04:10:12.961Z", "user": 1, "content_type": 21, "object_id": "1", "object_repr": "Reference object (1)", "action_flag": 1, "change_message": "[{\"added\": {}}]"}}, {"model": "admin.logentry", "pk": 6, "fields": {"action_time": "2024-05-06T04:10:14.673Z", "user": 1, "content_type": 16, "object_id": "1", "object_repr": "NewsStory object (1)", "action_flag": 1, "change_message": "[{\"added\": {}}]"}}, {"model": "admin.logentry", "pk": 7, "fields": {"action_time": "2024-05-06T04:55:39.942Z", "user": 1, "content_type": 16, "object_id": "1", "object_repr": "China launches Chang’e-6 probe to study dark side of the moon", "action_flag": 2, "change_message": "[]"}}, {"model": "admin.logentry", "pk": 8, "fields": {"action_time": "2024-05-06T05:18:37.915Z", "user": 1, "content_type": 19, "object_id": "3", "object_repr": "Foreighn Payloads | 4", "action_flag": 2, "change_message": "[{\"changed\": {\"fields\": [\"Order\"]}}]"}}, {"model": "admin.logentry", "pk": 9, "fields": {"action_time": "2024-05-06T05:18:41.935Z", "user": 1, "content_type": 16, "object_id": "1", "object_repr": "China launches Chang’e-6 probe to study dark side of the moon", "action_flag": 2, "change_message": "[]"}}, {"model": "admin.logentry", "pk": 10, "fields": {"action_time": "2024-05-06T05:45:13.043Z", "user": 1, "content_type": 19, "object_id": "4", "object_repr": "KENNEDY SPACE CENTER, Fla. — Even a | 1", "action_flag": 1, "change_message": "[{\"added\": {}}]"}}, {"model": "admin.logentry", "pk": 11, "fields": {"action_time": "2024-05-06T05:45:50.635Z", "user": 1, "content_type": 16, "object_id": "2", "object_repr": "Russia may skip first operational Starliner mission", "action_flag": 1, "change_message": "[{\"added\": {}}, {\"added\": {\"name\": \"newsstory-paragraph relationship\", \"object\": \"NewsStory_paragraphs object (4)\"}}]"}}, {"model": "admin.logentry", "pk": 12, "fields": {"action_time": "2024-05-06T08:10:46.619Z", "user": 1, "content_type": 22, "object_id": "1", "object_repr": "Company object (1)", "action_flag": 1, "change_message": "[{\"added\": {}}]"}}, {"model": "admin.logentry", "pk": 13, "fields": {"action_time": "2024-05-06T08:16:02.271Z", "user": 1, "content_type": 20, "object_id": "1", "object_repr": "Project object (1)", "action_flag": 1, "change_message": "[{\"added\": {}}]"}}, {"model": "admin.logentry", "pk": 14, "fields": {"action_time": "2024-05-06T08:20:10.289Z", "user": 1, "content_type": 10, "object_id": "1", "object_repr": "Launch object (1)", "action_flag": 1, "change_message": "[{\"added\": {}}]"}}, {"model": "admin.logentry", "pk": 15, "fields": {"action_time": "2024-05-06T08:23:28.437Z", "user": 1, "content_type": 22, "object_id": "1", "object_repr": "China National Space Administration", "action_flag": 2, "change_message": "[{\"changed\": {\"fields\": [\"Type\"]}}]"}}, {"model": "admin.logentry", "pk": 16, "fields": {"action_time": "2024-05-06T08:25:34.449Z", "user": 1, "content_type": 22, "object_id": "2", "object_repr": "National Aeronautics and Space Administration", "action_flag": 1, "change_message": "[{\"added\": {}}]"}}, {"model": "admin.logentry", "pk": 17, "fields": {"action_time": "2024-05-06T08:27:45.716Z", "user": 1, "content_type": 22, "object_id": "3", "object_repr": "Indian Space Research Organisation", "action_flag": 1, "change_message": "[{\"added\": {}}]"}}, {"model": "admin.logentry", "pk": 18, "fields": {"action_time": "2024-05-08T08:41:05.936Z", "user": 1, "content_type": 22, "object_id": "4", "object_repr": "Astrobotic", "action_flag": 1, "change_message": "[{\"added\": {}}]"}}, {"model": "admin.logentry", "pk": 19, "fields": {"action_time": "2024-05-08T08:42:41.375Z", "user": 1, "content_type": 22, "object_id": "5", "object_repr": "Blue Origins", "action_flag": 1, "change_message": "[{\"added\": {}}]"}}, {"model": "admin.logentry", "pk": 20, "fields": {"action_time": "2024-05-08T08:44:12.230Z", "user": 1, "content_type": 22, "object_id": "6", "object_repr": "Ceres Robotics", "action_flag": 1, "change_message": "[{\"added\": {}}]"}}, {"model": "admin.logentry", "pk": 21, "fields": {"action_time": "2024-05-08T09:00:44.879Z", "user": 1, "content_type": 23, "object_id": "1", "object_repr": "Michael Sims", "action_flag": 1, "change_message": "[{\"added\": {}}]"}}, {"model": "admin.logentry", "pk": 22, "fields": {"action_time": "2024-05-08T09:00:53.987Z", "user": 1, "content_type": 22, "object_id": "6", "object_repr": "Ceres Robotics", "action_flag": 2, "change_message": "[{\"changed\": {\"fields\": [\"Founder\", \"Location\"]}}]"}}, {"model": "admin.logentry", "pk": 23, "fields": {"action_time": "2024-05-08T09:02:44.833Z", "user": 1, "content_type": 22, "object_id": "7", "object_repr": "Deep Space Systems", "action_flag": 1, "change_message": "[{\"added\": {}}]"}}, {"model": "admin.logentry", "pk": 24, "fields": {"action_time": "2024-05-08T09:04:57.689Z", "user": 1, "content_type": 22, "object_id": "8", "object_repr": "Draper Laboratory", "action_flag": 1, "change_message": "[{\"added\": {}}]"}}, {"model": "admin.logentry", "pk": 25, "fields": {"action_time": "2024-05-08T09:16:58.435Z", "user": 1, "content_type": 20, "object_id": "2", "object_repr": "Artemis program", "action_flag": 1, "change_message": "[{\"added\": {}}]"}}, {"model": "admin.logentry", "pk": 26, "fields": {"action_time": "2024-05-08T09:17:11.298Z", "user": 1, "content_type": 20, "object_id": "3", "object_repr": "Commercial Lunar Payload Services", "action_flag": 1, "change_message": "[{\"added\": {}}]"}}, {"model": "admin.logentry", "pk": 27, "fields": {"action_time": "2024-05-08T09:26:26.084Z", "user": 1, "content_type": 20, "object_id": "2", "object_repr": "Artemis program", "action_flag": 2, "change_message": "[]"}}, {"model": "admin.logentry", "pk": 28, "fields": {"action_time": "2024-05-08T09:26:37.161Z", "user": 1, "content_type": 20, "object_id": "3", "object_repr": "Commercial Lunar Payload Services", "action_flag": 2, "change_message": "[]"}}, {"model": "admin.logentry", "pk": 29, "fields": {"action_time": "2024-05-08T09:26:57.340Z", "user": 1, "content_type": 20, "object_id": "3", "object_repr": "Commercial Lunar Payload Services", "action_flag": 2, "change_message": "[]"}}, {"model": "admin.logentry", "pk": 30, "fields": {"action_time": "2024-05-08T09:56:59.489Z", "user": 1, "content_type": 20, "object_id": "2", "object_repr": "Artemis program", "action_flag": 2, "change_message": "[]"}}, {"model": "admin.logentry", "pk": 31, "fields": {"action_time": "2024-05-08T09:57:45.417Z", "user": 1, "content_type": 23, "object_id": "2", "object_repr": "Jeff Bejos", "action_flag": 1, "change_message": "[{\"added\": {}}]"}}, {"model": "admin.logentry", "pk": 32, "fields": {"action_time": "2024-05-08T09:57:50.084Z", "user": 1, "content_type": 22, "object_id": "5", "object_repr": "Blue Origins", "action_flag": 2, "change_message": "[{\"changed\": {\"fields\": [\"Founder\"]}}]"}}, {"model": "admin.logentry", "pk": 33, "fields": {"action_time": "2024-05-08T09:59:10.525Z", "user": 1, "content_type": 22, "object_id": "9", "object_repr": "Google", "action_flag": 1, "change_message": "[{\"added\": {}}]"}}, {"model": "admin.logentry", "pk": 34, "fields": {"action_time": "2024-05-08T09:59:25.275Z", "user": 1, "content_type": 20, "object_id": "4", "object_repr": "Google Lunar X Prize", "action_flag": 1, "change_message": "[{\"added\": {}}]"}}, {"model": "admin.logentry", "pk": 35, "fields": {"action_time": "2024-05-08T10:00:55.397Z", "user": 1, "content_type": 23, "object_id": "3", "object_repr": "Rahul Narayan", "action_flag": 1, "change_message": "[{\"added\": {}}]"}}, {"model": "admin.logentry", "pk": 36, "fields": {"action_time": "2024-05-08T10:01:56.079Z", "user": 1, "content_type": 22, "object_id": "10", "object_repr": "TeamIndus", "action_flag": 1, "change_message": "[{\"added\": {}}, {\"added\": {\"name\": \"project-company relationship\", \"object\": \"Project_developers object (5)\"}}]"}}, {"model": "admin.logentry", "pk": 37, "fields": {"action_time": "2024-05-08T10:03:20.682Z", "user": 1, "content_type": 22, "object_id": "11", "object_repr": "European Space Agency", "action_flag": 1, "change_message": "[{\"added\": {}}]"}}, {"model": "admin.logentry", "pk": 38, "fields": {"action_time": "2024-05-08T10:08:25.416Z", "user": 1, "content_type": 23, "object_id": "4", "object_repr": "Max Polyakov", "action_flag": 1, "change_message": "[{\"added\": {}}]"}}, {"model": "admin.logentry", "pk": 39, "fields": {"action_time": "2024-05-08T10:08:48.835Z", "user": 1, "content_type": 22, "object_id": "12", "object_repr": "Firefly Aerospace", "action_flag": 1, "change_message": "[{\"added\": {}}]"}}, {"model": "admin.logentry", "pk": 40, "fields": {"action_time": "2024-05-08T10:10:02.727Z", "user": 1, "content_type": 22, "object_id": "13", "object_repr": "Intuitive Machines", "action_flag": 1, "change_message": "[{\"added\": {}}]"}}, {"model": "admin.logentry", "pk": 41, "fields": {"action_time": "2024-05-08T10:10:52.852Z", "user": 1, "content_type": 22, "object_id": "14", "object_repr": "Lockheed Martin Space", "action_flag": 1, "change_message": "[{\"added\": {}}]"}}, {"model": "admin.logentry", "pk": 42, "fields": {"action_time": "2024-05-08T10:12:58.172Z", "user": 1, "content_type": 22, "object_id": "15", "object_repr": "Moon Express", "action_flag": 1, "change_message": "[{\"added\": {}}]"}}, {"model": "admin.logentry", "pk": 43, "fields": {"action_time": "2024-05-08T10:13:22.391Z", "user": 1, "content_type": 20, "object_id": "4", "object_repr": "Google Lunar X Prize", "action_flag": 2, "change_message": "[{\"changed\": {\"fields\": [\"Developers\"]}}]"}}, {"model": "admin.logentry", "pk": 44, "fields": {"action_time": "2024-05-08T10:14:29.192Z", "user": 1, "content_type": 22, "object_id": "16", "object_repr": "OrbitBeyond", "action_flag": 1, "change_message": "[{\"added\": {}}]"}}, {"model": "admin.logentry", "pk": 45, "fields": {"action_time": "2024-05-08T10:15:49.040Z", "user": 1, "content_type": 22, "object_id": "17", "object_repr": "Sierra Nevada Corporation", "action_flag": 1, "change_message": "[{\"added\": {}}]"}}, {"model": "admin.logentry", "pk": 46, "fields": {"action_time": "2024-05-08T10:17:08.156Z", "user": 1, "content_type": 23, "object_id": "5", "object_repr": "Elon Musk", "action_flag": 1, "change_message": "[{\"added\": {}}]"}}, {"model": "admin.logentry", "pk": 47, "fields": {"action_time": "2024-05-08T10:17:39.544Z", "user": 1, "content_type": 22, "object_id": "18", "object_repr": "SpaceX", "action_flag": 1, "change_message": "[{\"added\": {}}]"}}, {"model": "admin.logentry", "pk": 48, "fields": {"action_time": "2024-05-08T10:18:32.698Z", "user": 1, "content_type": 20, "object_id": "3", "object_repr": "Commercial Lunar Payload Services", "action_flag": 2, "change_message": "[{\"changed\": {\"fields\": [\"Codevelopers\"]}}]"}}, {"model": "admin.logentry", "pk": 49, "fields": {"action_time": "2024-05-08T10:21:42.651Z", "user": 1, "content_type": 20, "object_id": "5", "object_repr": "Lunar Gateway", "action_flag": 1, "change_message": "[{\"added\": {}}]"}}, {"model": "admin.logentry", "pk": 50, "fields": {"action_time": "2024-05-08T17:55:44.817Z", "user": 1, "content_type": 20, "object_id": "6", "object_repr": "Chandrayaan programme", "action_flag": 1, "change_message": "[{\"added\": {}}]"}}, {"model": "admin.logentry", "pk": 51, "fields": {"action_time": "2024-05-09T23:29:22.622Z", "user": 1, "content_type": 19, "object_id": "5", "object_repr": "Space Exploration Technologies Corporation, commonly referred to | 1", "action_flag": 1, "change_message": "[{\"added\": {}}]"}}, {"model": "admin.logentry", "pk": 52, "fields": {"action_time": "2024-05-09T23:29:46.666Z", "user": 1, "content_type": 19, "object_id": "6", "object_repr": "SpaceX is the first private company to | 2", "action_flag": 1, "change_message": "[{\"added\": {}}]"}}, {"model": "admin.logentry", "pk": 53, "fields": {"action_time": "2024-05-09T23:29:52.023Z", "user": 1, "content_type": 11, "object_id": "1", "object_repr": "SpaceX", "action_flag": 1, "change_message": "[{\"added\": {}}, {\"added\": {\"name\": \"article-paragraph relationship\", \"object\": \"Article_paragraphs object (1)\"}}, {\"added\": {\"name\": \"article-paragraph relationship\", \"object\": \"Article_paragraphs object (2)\"}}]"}}, {"model": "admin.logentry", "pk": 54, "fields": {"action_time": "2024-05-09T23:30:16.809Z", "user": 1, "content_type": 22, "object_id": "18", "object_repr": "SpaceX", "action_flag": 2, "change_message": "[{\"changed\": {\"fields\": [\"Article\"]}}]"}}, {"model": "admin.logentry", "pk": 55, "fields": {"action_time": "2024-05-10T05:20:06.318Z", "user": 1, "content_type": 15, "object_id": "1", "object_repr": "Technology object (1)", "action_flag": 1, "change_message": "[{\"added\": {}}]"}}, {"model": "admin.logentry", "pk": 56, "fields": {"action_time": "2024-05-10T05:20:45.157Z", "user": 1, "content_type": 15, "object_id": "2", "object_repr": "Water Harvesting", "action_flag": 1, "change_message": "[{\"added\": {}}]"}}, {"model": "admin.logentry", "pk": 57, "fields": {"action_time": "2024-05-10T05:20:59.959Z", "user": 1, "content_type": 15, "object_id": "3", "object_repr": "3D Printing", "action_flag": 1, "change_message": "[{\"added\": {}}]"}}, {"model": "admin.logentry", "pk": 58, "fields": {"action_time": "2024-05-10T05:22:02.157Z", "user": 1, "content_type": 15, "object_id": "4", "object_repr": "Lunar Communication", "action_flag": 1, "change_message": "[{\"added\": {}}]"}}, {"model": "admin.logentry", "pk": 59, "fields": {"action_time": "2024-05-10T05:22:15.860Z", "user": 1, "content_type": 15, "object_id": "5", "object_repr": "Far Side of Moon", "action_flag": 1, "change_message": "[{\"added\": {}}]"}}, {"model": "admin.logentry", "pk": 60, "fields": {"action_time": "2024-05-10T05:22:22.893Z", "user": 1, "content_type": 15, "object_id": "6", "object_repr": "South Pole", "action_flag": 1, "change_message": "[{\"added\": {}}]"}}, {"model": "admin.logentry", "pk": 61, "fields": {"action_time": "2024-05-10T05:22:33.383Z", "user": 1, "content_type": 15, "object_id": "7", "object_repr": "Helium 3", "action_flag": 1, "change_message": "[{\"added\": {}}]"}}, {"model": "admin.logentry", "pk": 62, "fields": {"action_time": "2024-05-10T05:22:43.794Z", "user": 1, "content_type": 15, "object_id": "8", "object_repr": "Human Rated", "action_flag": 1, "change_message": "[{\"added\": {}}]"}}, {"model": "admin.logentry", "pk": 63, "fields": {"action_time": "2024-05-10T05:27:56.880Z", "user": 1, "content_type": 10, "object_id": "1", "object_repr": "Launch object (1)", "action_flag": 2, "change_message": "[{\"changed\": {\"fields\": [\"Status\", \"Technology\"]}}]"}}, {"model": "admin.logentry", "pk": 64, "fields": {"action_time": "2024-05-10T05:30:36.627Z", "user": 1, "content_type": 19, "object_id": "7", "object_repr": "Chang'e 6, a robotic lunar exploration mission | 1", "action_flag": 1, "change_message": "[{\"added\": {}}]"}}, {"model": "admin.logentry", "pk": 65, "fields": {"action_time": "2024-05-10T05:31:09.689Z", "user": 1, "content_type": 19, "object_id": "8", "object_repr": "The Chinese Lunar Exploration Program, structured into | 2", "action_flag": 1, "change_message": "[{\"added\": {}}]"}}, {"model": "admin.logentry", "pk": 66, "fields": {"action_time": "2024-05-10T05:31:30.220Z", "user": 1, "content_type": 19, "object_id": "9", "object_repr": "Chang'e 6 follows the successful return of | 3", "action_flag": 1, "change_message": "[{\"added\": {}}]"}}, {"model": "admin.logentry", "pk": 67, "fields": {"action_time": "2024-05-10T05:31:49.293Z", "user": 1, "content_type": 19, "object_id": "10", "object_repr": "Equipped with a drill and scooping device, | 4", "action_flag": 1, "change_message": "[{\"added\": {}}]"}}, {"model": "admin.logentry", "pk": 68, "fields": {"action_time": "2024-05-10T05:32:09.949Z", "user": 1, "content_type": 19, "object_id": "11", "object_repr": "Chang'e 6's mission architecture includes four modules: | 5", "action_flag": 1, "change_message": "[{\"added\": {}}]"}}, {"model": "admin.logentry", "pk": 69, "fields": {"action_time": "2024-05-10T05:32:21.198Z", "user": 1, "content_type": 11, "object_id": "2", "object_repr": "Chang'e 6", "action_flag": 1, "change_message": "[{\"added\": {}}, {\"added\": {\"name\": \"article-paragraph relationship\", \"object\": \"Article_paragraphs object (3)\"}}, {\"added\": {\"name\": \"article-paragraph relationship\", \"object\": \"Article_paragraphs object (4)\"}}, {\"added\": {\"name\": \"article-paragraph relationship\", \"object\": \"Article_paragraphs object (5)\"}}, {\"added\": {\"name\": \"article-paragraph relationship\", \"object\": \"Article_paragraphs object (6)\"}}, {\"added\": {\"name\": \"article-paragraph relationship\", \"object\": \"Article_paragraphs object (7)\"}}]"}}, {"model": "admin.logentry", "pk": 70, "fields": {"action_time": "2024-05-10T05:32:28.241Z", "user": 1, "content_type": 10, "object_id": "1", "object_repr": "Launch object (1)", "action_flag": 2, "change_message": "[{\"changed\": {\"fields\": [\"Article\"]}}]"}}, {"model": "admin.logentry", "pk": 71, "fields": {"action_time": "2024-05-10T05:47:17.318Z", "user": 1, "content_type": 19, "object_id": "12", "object_repr": "Queqiao-2, the second communication relay and radio | 1", "action_flag": 1, "change_message": "[{\"added\": {}}]"}}, {"model": "admin.logentry", "pk": 72, "fields": {"action_time": "2024-05-10T05:47:34.303Z", "user": 1, "content_type": 19, "object_id": "13", "object_repr": "Inspired by the Chinese tale \"The Cowherd | 2", "action_flag": 1, "change_message": "[{\"added\": {}}]"}}, {"model": "admin.logentry", "pk": 73, "fields": {"action_time": "2024-05-10T05:47:56.264Z", "user": 1, "content_type": 19, "object_id": "14", "object_repr": "Queqiao-2's design and mission underwent revisions to | 3", "action_flag": 1, "change_message": "[{\"added\": {}}]"}}, {"model": "admin.logentry", "pk": 74, "fields": {"action_time": "2024-05-10T05:48:12.599Z", "user": 1, "content_type": 19, "object_id": "15", "object_repr": "Unlike its predecessor, which operated in inherently | 4", "action_flag": 1, "change_message": "[{\"added\": {}}]"}}, {"model": "admin.logentry", "pk": 75, "fields": {"action_time": "2024-05-10T05:48:17.855Z", "user": 1, "content_type": 11, "object_id": "3", "object_repr": "Queqiao-2", "action_flag": 1, "change_message": "[{\"added\": {}}, {\"added\": {\"name\": \"article-paragraph relationship\", \"object\": \"Article_paragraphs object (8)\"}}, {\"added\": {\"name\": \"article-paragraph relationship\", \"object\": \"Article_paragraphs object (9)\"}}, {\"added\": {\"name\": \"article-paragraph relationship\", \"object\": \"Article_paragraphs object (10)\"}}, {\"added\": {\"name\": \"article-paragraph relationship\", \"object\": \"Article_paragraphs object (11)\"}}]"}}, {"model": "admin.logentry", "pk": 76, "fields": {"action_time": "2024-05-10T05:48:23.994Z", "user": 1, "content_type": 10, "object_id": "2", "object_repr": "Launch object (2)", "action_flag": 1, "change_message": "[{\"added\": {}}]"}}, {"model": "admin.logentry", "pk": 77, "fields": {"action_time": "2024-05-10T05:53:18.113Z", "user": 1, "content_type": 19, "object_id": "16", "object_repr": "IM-1 was a significant lunar mission conducted | 1", "action_flag": 1, "change_message": "[{\"added\": {}}]"}}, {"model": "admin.logentry", "pk": 78, "fields": {"action_time": "2024-05-10T05:53:41.196Z", "user": 1, "content_type": 11, "object_id": "4", "object_repr": "IM-1", "action_flag": 1, "change_message": "[{\"added\": {}}, {\"added\": {\"name\": \"article-paragraph relationship\", \"object\": \"Article_paragraphs object (12)\"}}]"}}, {"model": "admin.logentry", "pk": 79, "fields": {"action_time": "2024-05-10T05:53:44.327Z", "user": 1, "content_type": 10, "object_id": "3", "object_repr": "Launch object (3)", "action_flag": 1, "change_message": "[{\"added\": {}}]"}}, {"model": "admin.logentry", "pk": 80, "fields": {"action_time": "2024-05-10T06:01:35.768Z", "user": 1, "content_type": 10, "object_id": "3", "object_repr": "Launch object (3)", "action_flag": 2, "change_message": "[]"}}, {"model": "admin.logentry", "pk": 81, "fields": {"action_time": "2024-05-10T06:03:19.683Z", "user": 1, "content_type": 19, "object_id": "16", "object_repr": "IM-1 was a significant lunar mission conducted | 1", "action_flag": 2, "change_message": "[{\"changed\": {\"fields\": [\"Content\"]}}]"}}, {"model": "admin.logentry", "pk": 82, "fields": {"action_time": "2024-05-10T06:03:58.462Z", "user": 1, "content_type": 19, "object_id": "17", "object_repr": "The Odysseus lander's \"rough\" soft landing represented | 2", "action_flag": 1, "change_message": "[{\"added\": {}}]"}}, {"model": "admin.logentry", "pk": 83, "fields": {"action_time": "2024-05-10T06:04:13.851Z", "user": 1, "content_type": 19, "object_id": "18", "object_repr": "The IM-1 mission was preceded by the | 3", "action_flag": 1, "change_message": "[{\"added\": {}}]"}}, {"model": "admin.logentry", "pk": 84, "fields": {"action_time": "2024-05-10T06:04:27.939Z", "user": 1, "content_type": 19, "object_id": "19", "object_repr": "Odysseus was equipped with six instruments developed | 4", "action_flag": 1, "change_message": "[{\"added\": {}}]"}}, {"model": "admin.logentry", "pk": 85, "fields": {"action_time": "2024-05-10T06:04:41.029Z", "user": 1, "content_type": 19, "object_id": "20", "object_repr": "The mission timeline included various key events, | 5", "action_flag": 1, "change_message": "[{\"added\": {}}]"}}, {"model": "admin.logentry", "pk": 86, "fields": {"action_time": "2024-05-10T06:04:53.165Z", "user": 1, "content_type": 19, "object_id": "21", "object_repr": "One notable aspect of the mission was | 6", "action_flag": 1, "change_message": "[{\"added\": {}}]"}}, {"model": "admin.logentry", "pk": 87, "fields": {"action_time": "2024-05-10T06:05:05.051Z", "user": 1, "content_type": 19, "object_id": "22", "object_repr": "Surface operations of the Odysseus lander continued | 7", "action_flag": 1, "change_message": "[{\"added\": {}}]"}}, {"model": "admin.logentry", "pk": 88, "fields": {"action_time": "2024-05-10T06:05:18.364Z", "user": 1, "content_type": 11, "object_id": "4", "object_repr": "IM-1", "action_flag": 2, "change_message": "[{\"added\": {\"name\": \"article-paragraph relationship\", \"object\": \"Article_paragraphs object (13)\"}}, {\"added\": {\"name\": \"article-paragraph relationship\", \"object\": \"Article_paragraphs object (14)\"}}, {\"added\": {\"name\": \"article-paragraph relationship\", \"object\": \"Article_paragraphs object (15)\"}}, {\"added\": {\"name\": \"article-paragraph relationship\", \"object\": \"Article_paragraphs object (16)\"}}, {\"added\": {\"name\": \"article-paragraph relationship\", \"object\": \"Article_paragraphs object (17)\"}}, {\"added\": {\"name\": \"article-paragraph relationship\", \"object\": \"Article_paragraphs object (18)\"}}]"}}, {"model": "admin.logentry", "pk": 89, "fields": {"action_time": "2024-05-10T06:32:36.583Z", "user": 1, "content_type": 10, "object_id": "3", "object_repr": "Launch object (3)", "action_flag": 2, "change_message": "[]"}}, {"model": "admin.logentry", "pk": 90, "fields": {"action_time": "2024-05-10T06:38:35.863Z", "user": 1, "content_type": 19, "object_id": "23", "object_repr": "Peregrine Mission One, also known as Peregrine | 1", "action_flag": 1, "change_message": "[{\"added\": {}}]"}}, {"model": "admin.logentry", "pk": 91, "fields": {"action_time": "2024-05-10T06:38:48.560Z", "user": 1, "content_type": 19, "object_id": "24", "object_repr": "The Peregrine lander, weighing 1,283 kg, carried | 2", "action_flag": 1, "change_message": "[{\"added\": {}}]"}}, {"model": "admin.logentry", "pk": 92, "fields": {"action_time": "2024-05-10T06:39:06.303Z", "user": 1, "content_type": 19, "object_id": "25", "object_repr": "Astrobotic's agreement with United Launch Alliance (ULA) | 3", "action_flag": 1, "change_message": "[{\"added\": {}}]"}}, {"model": "admin.logentry", "pk": 93, "fields": {"action_time": "2024-05-10T06:39:20.701Z", "user": 1, "content_type": 19, "object_id": "26", "object_repr": "The Peregrine lander, based on Astrobotic's previous | 3", "action_flag": 1, "change_message": "[{\"added\": {}}]"}}, {"model": "admin.logentry", "pk": 94, "fields": {"action_time": "2024-05-10T06:39:33.583Z", "user": 1, "content_type": 19, "object_id": "27", "object_repr": "Payloads onboard the Peregrine lander included lunar | 4", "action_flag": 1, "change_message": "[{\"added\": {}}]"}}, {"model": "admin.logentry", "pk": 95, "fields": {"action_time": "2024-05-10T06:39:39.982Z", "user": 1, "content_type": 19, "object_id": "26", "object_repr": "The Peregrine lander, based on Astrobotic's previous | 4", "action_flag": 2, "change_message": "[{\"changed\": {\"fields\": [\"Order\"]}}]"}}, {"model": "admin.logentry", "pk": 96, "fields": {"action_time": "2024-05-10T06:39:45.952Z", "user": 1, "content_type": 19, "object_id": "27", "object_repr": "Payloads onboard the Peregrine lander included lunar | 5", "action_flag": 2, "change_message": "[{\"changed\": {\"fields\": [\"Order\"]}}]"}}, {"model": "admin.logentry", "pk": 97, "fields": {"action_time": "2024-05-10T06:40:02.606Z", "user": 1, "content_type": 19, "object_id": "28", "object_repr": "The mission's launch trajectory involved a series | 6", "action_flag": 1, "change_message": "[{\"added\": {}}]"}}, {"model": "admin.logentry", "pk": 98, "fields": {"action_time": "2024-05-10T06:40:14.360Z", "user": 1, "content_type": 19, "object_id": "29", "object_repr": "Despite the setback, Peregrine Mission One laid | 7", "action_flag": 1, "change_message": "[{\"added\": {}}]"}}, {"model": "admin.logentry", "pk": 99, "fields": {"action_time": "2024-05-10T06:40:26.599Z", "user": 1, "content_type": 19, "object_id": "30", "object_repr": "In summary, Peregrine Mission One represented a | 8", "action_flag": 1, "change_message": "[{\"added\": {}}]"}}, {"model": "admin.logentry", "pk": 100, "fields": {"action_time": "2024-05-10T06:40:29.728Z", "user": 1, "content_type": 11, "object_id": "5", "object_repr": "Peregrine Mission One", "action_flag": 1, "change_message": "[{\"added\": {}}, {\"added\": {\"name\": \"article-paragraph relationship\", \"object\": \"Article_paragraphs object (19)\"}}, {\"added\": {\"name\": \"article-paragraph relationship\", \"object\": \"Article_paragraphs object (20)\"}}, {\"added\": {\"name\": \"article-paragraph relationship\", \"object\": \"Article_paragraphs object (21)\"}}, {\"added\": {\"name\": \"article-paragraph relationship\", \"object\": \"Article_paragraphs object (22)\"}}, {\"added\": {\"name\": \"article-paragraph relationship\", \"object\": \"Article_paragraphs object (23)\"}}, {\"added\": {\"name\": \"article-paragraph relationship\", \"object\": \"Article_paragraphs object (24)\"}}, {\"added\": {\"name\": \"article-paragraph relationship\", \"object\": \"Article_paragraphs object (25)\"}}, {\"added\": {\"name\": \"article-paragraph relationship\", \"object\": \"Article_paragraphs object (26)\"}}]"}}, {"model": "admin.logentry", "pk": 101, "fields": {"action_time": "2024-05-10T06:40:49.336Z", "user": 1, "content_type": 10, "object_id": "4", "object_repr": "Launch object (4)", "action_flag": 1, "change_message": "[{\"added\": {}}]"}}, {"model": "admin.logentry", "pk": 102, "fields": {"action_time": "2024-05-10T06:50:30.403Z", "user": 1, "content_type": 22, "object_id": "19", "object_repr": "JAXA", "action_flag": 1, "change_message": "[{\"added\": {}}]"}}, {"model": "admin.logentry", "pk": 103, "fields": {"action_time": "2024-05-10T06:53:38.002Z", "user": 1, "content_type": 19, "object_id": "31", "object_repr": "Smart Lander for Investigating Moon (SLIM) is | 1", "action_flag": 1, "change_message": "[{\"added\": {}}]"}}, {"model": "admin.logentry", "pk": 104, "fields": {"action_time": "2024-05-10T06:53:49.492Z", "user": 1, "content_type": 19, "object_id": "32", "object_repr": "After executing its trans-lunar orbit injection burns | 2", "action_flag": 1, "change_message": "[{\"added\": {}}]"}}, {"model": "admin.logentry", "pk": 105, "fields": {"action_time": "2024-05-10T06:54:00.594Z", "user": 1, "content_type": 19, "object_id": "33", "object_repr": "The primary objective of SLIM was to | 3", "action_flag": 1, "change_message": "[{\"added\": {}}]"}}, {"model": "admin.logentry", "pk": 106, "fields": {"action_time": "2024-05-10T06:54:14.502Z", "user": 1, "content_type": 19, "object_id": "34", "object_repr": "SLIM's development began in 2005 under the | 4", "action_flag": 1, "change_message": "[{\"added\": {}}]"}}, {"model": "admin.logentry", "pk": 107, "fields": {"action_time": "2024-05-10T06:54:24.962Z", "user": 1, "content_type": 19, "object_id": "35", "object_repr": "The mission featured two lunar rovers: Lunar | 5", "action_flag": 1, "change_message": "[{\"added\": {}}]"}}, {"model": "admin.logentry", "pk": 108, "fields": {"action_time": "2024-05-10T06:54:37.137Z", "user": 1, "content_type": 19, "object_id": "36", "object_repr": "SLIM's operations were divided into lunar days, | 6", "action_flag": 1, "change_message": "[{\"added\": {}}]"}}, {"model": "admin.logentry", "pk": 109, "fields": {"action_time": "2024-05-10T06:55:00.075Z", "user": 1, "content_type": 19, "object_id": "37", "object_repr": "Despite initial setbacks, SLIM's mission demonstrated Japan's | 7", "action_flag": 1, "change_message": "[{\"added\": {}}]"}}, {"model": "admin.logentry", "pk": 110, "fields": {"action_time": "2024-05-10T06:55:05.447Z", "user": 1, "content_type": 11, "object_id": "6", "object_repr": "SLIM", "action_flag": 1, "change_message": "[{\"added\": {}}, {\"added\": {\"name\": \"article-paragraph relationship\", \"object\": \"Article_paragraphs object (27)\"}}, {\"added\": {\"name\": \"article-paragraph relationship\", \"object\": \"Article_paragraphs object (28)\"}}, {\"added\": {\"name\": \"article-paragraph relationship\", \"object\": \"Article_paragraphs object (29)\"}}, {\"added\": {\"name\": \"article-paragraph relationship\", \"object\": \"Article_paragraphs object (30)\"}}, {\"added\": {\"name\": \"article-paragraph relationship\", \"object\": \"Article_paragraphs object (31)\"}}, {\"added\": {\"name\": \"article-paragraph relationship\", \"object\": \"Article_paragraphs object (32)\"}}, {\"added\": {\"name\": \"article-paragraph relationship\", \"object\": \"Article_paragraphs object (33)\"}}]"}}, {"model": "admin.logentry", "pk": 111, "fields": {"action_time": "2024-05-10T06:55:13.789Z", "user": 1, "content_type": 10, "object_id": "5", "object_repr": "Launch object (5)", "action_flag": 1, "change_message": "[{\"added\": {}}]"}}, {"model": "admin.logentry", "pk": 112, "fields": {"action_time": "2024-05-10T06:57:48.161Z", "user": 1, "content_type": 22, "object_id": "20", "object_repr": "Roscosmos", "action_flag": 1, "change_message": "[{\"added\": {}}]"}}, {"model": "admin.logentry", "pk": 113, "fields": {"action_time": "2024-05-10T06:59:17.634Z", "user": 1, "content_type": 19, "object_id": "38", "object_repr": "Luna 25, also known as Luna-25, was | 1", "action_flag": 1, "change_message": "[{\"added\": {}}]"}}, {"model": "admin.logentry", "pk": 114, "fields": {"action_time": "2024-05-10T06:59:28.395Z", "user": 1, "content_type": 19, "object_id": "39", "object_repr": "The Luna 25 mission was launched on | 2", "action_flag": 1, "change_message": "[{\"added\": {}}]"}}, {"model": "admin.logentry", "pk": 115, "fields": {"action_time": "2024-05-10T06:59:39.051Z", "user": 1, "content_type": 19, "object_id": "40", "object_repr": "Historically, the Luna 24 mission, launched in | 3", "action_flag": 1, "change_message": "[{\"added\": {}}]"}}, {"model": "admin.logentry", "pk": 116, "fields": {"action_time": "2024-05-10T06:59:49.749Z", "user": 1, "content_type": 19, "object_id": "41", "object_repr": "The intended landing site for Luna 25 | 4", "action_flag": 1, "change_message": "[{\"added\": {}}]"}}, {"model": "admin.logentry", "pk": 117, "fields": {"action_time": "2024-05-10T07:00:01.876Z", "user": 1, "content_type": 19, "object_id": "42", "object_repr": "The crash of Luna 25 resulted in | 5", "action_flag": 1, "change_message": "[{\"added\": {}}]"}}, {"model": "admin.logentry", "pk": 118, "fields": {"action_time": "2024-05-10T07:00:13.692Z", "user": 1, "content_type": 19, "object_id": "43", "object_repr": "The failure of Luna 25 highlighted the | 6", "action_flag": 1, "change_message": "[{\"added\": {}}]"}}, {"model": "admin.logentry", "pk": 119, "fields": {"action_time": "2024-05-10T07:00:17.261Z", "user": 1, "content_type": 11, "object_id": "7", "object_repr": "LUNA 25", "action_flag": 1, "change_message": "[{\"added\": {}}, {\"added\": {\"name\": \"article-paragraph relationship\", \"object\": \"Article_paragraphs object (34)\"}}, {\"added\": {\"name\": \"article-paragraph relationship\", \"object\": \"Article_paragraphs object (35)\"}}, {\"added\": {\"name\": \"article-paragraph relationship\", \"object\": \"Article_paragraphs object (36)\"}}, {\"added\": {\"name\": \"article-paragraph relationship\", \"object\": \"Article_paragraphs object (37)\"}}, {\"added\": {\"name\": \"article-paragraph relationship\", \"object\": \"Article_paragraphs object (38)\"}}, {\"added\": {\"name\": \"article-paragraph relationship\", \"object\": \"Article_paragraphs object (39)\"}}]"}}, {"model": "admin.logentry", "pk": 120, "fields": {"action_time": "2024-05-10T07:00:22.323Z", "user": 1, "content_type": 10, "object_id": "6", "object_repr": "Launch object (6)", "action_flag": 1, "change_message": "[{\"added\": {}}]"}}, {"model": "admin.logentry", "pk": 121, "fields": {"action_time": "2024-05-10T07:02:12.789Z", "user": 1, "content_type": 20, "object_id": "7", "object_repr": "LUNA Program", "action_flag": 1, "change_message": "[{\"added\": {}}]"}}, {"model": "admin.logentry", "pk": 122, "fields": {"action_time": "2024-05-10T07:02:17.797Z", "user": 1, "content_type": 10, "object_id": "6", "object_repr": "Launch object (6)", "action_flag": 2, "change_message": "[{\"changed\": {\"fields\": [\"Project\"]}}]"}}, {"model": "admin.logentry", "pk": 123, "fields": {"action_time": "2024-05-10T07:05:31.572Z", "user": 1, "content_type": 19, "object_id": "44", "object_repr": "Chandrayaan-3, the third mission in India's Chandrayaan | 1", "action_flag": 1, "change_message": "[{\"added\": {}}]"}}, {"model": "admin.logentry", "pk": 124, "fields": {"action_time": "2024-05-10T07:05:45.923Z", "user": 1, "content_type": 19, "object_id": "45", "object_repr": "The mission builds upon the previous Chandrayaan-2 | 2", "action_flag": 1, "change_message": "[{\"added\": {}}]"}}, {"model": "admin.logentry", "pk": 125, "fields": {"action_time": "2024-05-10T07:05:57.069Z", "user": 1, "content_type": 19, "object_id": "46", "object_repr": "Notable achievements of Chandrayaan-3 include a laser | 3", "action_flag": 1, "change_message": "[{\"added\": {}}]"}}, {"model": "admin.logentry", "pk": 126, "fields": {"action_time": "2024-05-10T07:06:07.880Z", "user": 1, "content_type": 19, "object_id": "47", "object_repr": "The spacecraft comprises three main components: the | 4", "action_flag": 1, "change_message": "[{\"added\": {}}]"}}, {"model": "admin.logentry", "pk": 127, "fields": {"action_time": "2024-05-10T07:06:19.366Z", "user": 1, "content_type": 19, "object_id": "48", "object_repr": "Payloads aboard the lander and rover included | 5", "action_flag": 1, "change_message": "[{\"added\": {}}]"}}, {"model": "admin.logentry", "pk": 128, "fields": {"action_time": "2024-05-10T07:06:31.397Z", "user": 1, "content_type": 19, "object_id": "49", "object_repr": "Following successful lunar orbit insertion, the lander | 6", "action_flag": 1, "change_message": "[{\"added\": {}}]"}}, {"model": "admin.logentry", "pk": 129, "fields": {"action_time": "2024-05-10T07:06:43.534Z", "user": 1, "content_type": 19, "object_id": "50", "object_repr": "The propulsion module transitioned back to Earth | 7", "action_flag": 1, "change_message": "[{\"added\": {}}]"}}, {"model": "admin.logentry", "pk": 130, "fields": {"action_time": "2024-05-10T07:06:47.910Z", "user": 1, "content_type": 11, "object_id": "8", "object_repr": "Chandrayaan-3", "action_flag": 1, "change_message": "[{\"added\": {}}, {\"added\": {\"name\": \"article-paragraph relationship\", \"object\": \"Article_paragraphs object (40)\"}}, {\"added\": {\"name\": \"article-paragraph relationship\", \"object\": \"Article_paragraphs object (41)\"}}, {\"added\": {\"name\": \"article-paragraph relationship\", \"object\": \"Article_paragraphs object (42)\"}}, {\"added\": {\"name\": \"article-paragraph relationship\", \"object\": \"Article_paragraphs object (43)\"}}, {\"added\": {\"name\": \"article-paragraph relationship\", \"object\": \"Article_paragraphs object (44)\"}}, {\"added\": {\"name\": \"article-paragraph relationship\", \"object\": \"Article_paragraphs object (45)\"}}, {\"added\": {\"name\": \"article-paragraph relationship\", \"object\": \"Article_paragraphs object (46)\"}}]"}}, {"model": "admin.logentry", "pk": 131, "fields": {"action_time": "2024-05-10T07:06:53.935Z", "user": 1, "content_type": 10, "object_id": "7", "object_repr": "Launch object (7)", "action_flag": 1, "change_message": "[{\"added\": {}}]"}}, {"model": "admin.logentry", "pk": 132, "fields": {"action_time": "2024-05-10T08:12:50.543Z", "user": 1, "content_type": 7, "object_id": "2", "object_repr": "Image object (2)", "action_flag": 1, "change_message": "[{\"added\": {}}]"}}, {"model": "admin.logentry", "pk": 133, "fields": {"action_time": "2024-05-10T08:13:00.087Z", "user": 1, "content_type": 19, "object_id": "46", "object_repr": "Notable achievements of Chandrayaan-3 include a laser | 3", "action_flag": 2, "change_message": "[]"}}, {"model": "admin.logentry", "pk": 134, "fields": {"action_time": "2024-05-10T08:13:06.296Z", "user": 1, "content_type": 19, "object_id": "45", "object_repr": "The mission builds upon the previous Chandrayaan-2 | 7", "action_flag": 2, "change_message": "[{\"changed\": {\"fields\": [\"Order\"]}}]"}}, {"model": "admin.logentry", "pk": 135, "fields": {"action_time": "2024-05-10T08:13:12.935Z", "user": 1, "content_type": 19, "object_id": "45", "object_repr": "The mission builds upon the previous Chandrayaan-2 | 8", "action_flag": 2, "change_message": "[{\"changed\": {\"fields\": [\"Order\"]}}]"}}, {"model": "admin.logentry", "pk": 136, "fields": {"action_time": "2024-05-10T08:13:15.736Z", "user": 1, "content_type": 11, "object_id": "8", "object_repr": "Chandrayaan-3", "action_flag": 2, "change_message": "[{\"added\": {\"name\": \"article-image relationship\", \"object\": \"Article_images object (1)\"}}]"}}, {"model": "admin.logentry", "pk": 137, "fields": {"action_time": "2024-05-10T08:13:17.310Z", "user": 1, "content_type": 10, "object_id": "7", "object_repr": "Launch object (7)", "action_flag": 2, "change_message": "[]"}}, {"model": "admin.logentry", "pk": 138, "fields": {"action_time": "2024-05-10T08:13:45.738Z", "user": 1, "content_type": 11, "object_id": "8", "object_repr": "Chandrayaan-3", "action_flag": 2, "change_message": "[]"}}, {"model": "admin.logentry", "pk": 139, "fields": {"action_time": "2024-05-11T10:29:25.518Z", "user": 1, "content_type": 21, "object_id": "2", "object_repr": "Reference object (2)", "action_flag": 1, "change_message": "[{\"added\": {}}]"}}, {"model": "admin.logentry", "pk": 140, "fields": {"action_time": "2024-05-11T10:30:13.942Z", "user": 1, "content_type": 18, "object_id": "1", "object_repr": "CapitalToComapny object (1)", "action_flag": 1, "change_message": "[{\"added\": {}}]"}}, {"model": "admin.logentry", "pk": 141, "fields": {"action_time": "2024-05-11T10:31:45.629Z", "user": 1, "content_type": 8, "object_id": "1", "object_repr": "Second Artemis Lunar Lander Provider", "action_flag": 1, "change_message": "[{\"added\": {}}, {\"added\": {\"name\": \"capital-capitaltocomapny relationship\", \"object\": \"Capital_capital_to_company object (1)\"}}]"}}, {"model": "admin.logentry", "pk": 142, "fields": {"action_time": "2024-05-11T10:32:48.308Z", "user": 1, "content_type": 14, "object_id": "1", "object_repr": "CapitalToProject object (1)", "action_flag": 1, "change_message": "[{\"added\": {}}]"}}, {"model": "admin.logentry", "pk": 143, "fields": {"action_time": "2024-05-11T10:32:51.336Z", "user": 1, "content_type": 8, "object_id": "1", "object_repr": "Second Artemis Lunar Lander Provider", "action_flag": 2, "change_message": "[{\"added\": {\"name\": \"capital-capitaltoproject relationship\", \"object\": \"Capital_capital_to_project object (1)\"}}]"}}, {"model": "admin.logentry", "pk": 144, "fields": {"action_time": "2024-05-11T10:36:24.126Z", "user": 1, "content_type": 8, "object_id": "1", "object_repr": "Second Artemis Lunar Lander Provider", "action_flag": 2, "change_message": "[]"}}, {"model": "admin.logentry", "pk": 145, "fields": {"action_time": "2024-05-11T10:40:34.543Z", "user": 1, "content_type": 8, "object_id": "1", "object_repr": "Second Artemis Lunar Lander Provider", "action_flag": 2, "change_message": "[]"}}, {"model": "admin.logentry", "pk": 146, "fields": {"action_time": "2024-05-11T10:53:40.858Z", "user": 1, "content_type": 21, "object_id": "3", "object_repr": "Human Landers for Artemis Moon Missions", "action_flag": 1, "change_message": "[{\"added\": {}}]"}}, {"model": "admin.logentry", "pk": 147, "fields": {"action_time": "2024-05-11T10:54:21.479Z", "user": 1, "content_type": 18, "object_id": "2", "object_repr": "Blue Origins | 0", "action_flag": 1, "change_message": "[{\"added\": {}}]"}}, {"model": "admin.logentry", "pk": 148, "fields": {"action_time": "2024-05-11T10:54:29.907Z", "user": 1, "content_type": 18, "object_id": "3", "object_repr": "SpaceX | 0", "action_flag": 1, "change_message": "[{\"added\": {}}]"}}, {"model": "admin.logentry", "pk": 149, "fields": {"action_time": "2024-05-11T10:56:06.431Z", "user": 1, "content_type": 22, "object_id": "21", "object_repr": "Dynetics", "action_flag": 1, "change_message": "[{\"added\": {}}, {\"added\": {\"name\": \"project-company relationship\", \"object\": \"Project_developers object (11)\"}}]"}}, {"model": "admin.logentry", "pk": 150, "fields": {"action_time": "2024-05-11T10:56:12.501Z", "user": 1, "content_type": 18, "object_id": "4", "object_repr": "Dynetics | 0", "action_flag": 1, "change_message": "[{\"added\": {}}]"}}, {"model": "admin.logentry", "pk": 151, "fields": {"action_time": "2024-05-11T10:57:05.477Z", "user": 1, "content_type": 14, "object_id": "2", "object_repr": "Commercial Lunar Payload Services | 0", "action_flag": 1, "change_message": "[{\"added\": {}}]"}}, {"model": "admin.logentry", "pk": 152, "fields": {"action_time": "2024-05-11T10:57:12.013Z", "user": 1, "content_type": 8, "object_id": "2", "object_repr": "Human Landers for Artemis Moon Missions", "action_flag": 1, "change_message": "[{\"added\": {}}, {\"added\": {\"name\": \"capital-capitaltocomapny relationship\", \"object\": \"Capital_capital_to_company object (2)\"}}, {\"added\": {\"name\": \"capital-capitaltocomapny relationship\", \"object\": \"Capital_capital_to_company object (3)\"}}, {\"added\": {\"name\": \"capital-capitaltocomapny relationship\", \"object\": \"Capital_capital_to_company object (4)\"}}, {\"added\": {\"name\": \"capital-capitaltoproject relationship\", \"object\": \"Capital_capital_to_project object (2)\"}}]"}}, {"model": "admin.logentry", "pk": 153, "fields": {"action_time": "2024-05-11T13:51:26.743Z", "user": 1, "content_type": 10, "object_id": "2", "object_repr": "Launch object (2)", "action_flag": 2, "change_message": "[{\"changed\": {\"fields\": [\"Objective\"]}}]"}}, {"model": "admin.logentry", "pk": 154, "fields": {"action_time": "2024-05-14T00:35:41.799Z", "user": 1, "content_type": 19, "object_id": "51", "object_repr": "Space tourism has the potential to be | 1", "action_flag": 1, "change_message": "[{\"added\": {}}]"}}, {"model": "admin.logentry", "pk": 155, "fields": {"action_time": "2024-05-14T00:36:05.132Z", "user": 1, "content_type": 19, "object_id": "52", "object_repr": "At the heart of the economic impact | 2", "action_flag": 1, "change_message": "[{\"added\": {}}]"}}, {"model": "admin.logentry", "pk": 156, "fields": {"action_time": "2024-05-14T00:36:26.069Z", "user": 1, "content_type": 7, "object_id": "3", "object_repr": "Image object (3)", "action_flag": 1, "change_message": "[{\"added\": {}}]"}}, {"model": "admin.logentry", "pk": 157, "fields": {"action_time": "2024-05-14T00:38:15.547Z", "user": 1, "content_type": 19, "object_id": "53", "object_repr": "Moreover, space tourism represents a golden opportunity | 4", "action_flag": 1, "change_message": "[{\"added\": {}}]"}}, {"model": "admin.logentry", "pk": 158, "fields": {"action_time": "2024-05-14T00:38:31.950Z", "user": 1, "content_type": 19, "object_id": "54", "object_repr": "The development of a space tourism industry | 5", "action_flag": 1, "change_message": "[{\"added\": {}}]"}}, {"model": "admin.logentry", "pk": 159, "fields": {"action_time": "2024-05-14T00:38:55.499Z", "user": 1, "content_type": 19, "object_id": "55", "object_repr": "Participation in the space tourism industry elevates | 6", "action_flag": 1, "change_message": "[{\"added\": {}}]"}}, {"model": "admin.logentry", "pk": 160, "fields": {"action_time": "2024-05-14T00:39:18.434Z", "user": 1, "content_type": 19, "object_id": "56", "object_repr": "However, the realization of the full potential | 7", "action_flag": 1, "change_message": "[{\"added\": {}}]"}}, {"model": "admin.logentry", "pk": 161, "fields": {"action_time": "2024-05-14T00:39:35.861Z", "user": 1, "content_type": 19, "object_id": "57", "object_repr": "Despite these challenges, the outlook for space | 8", "action_flag": 1, "change_message": "[{\"added\": {}}]"}}, {"model": "admin.logentry", "pk": 162, "fields": {"action_time": "2024-05-14T00:39:43.419Z", "user": 1, "content_type": 11, "object_id": "9", "object_repr": "Beyond Borders: The Economic Frontier of Space Tourism", "action_flag": 1, "change_message": "[{\"added\": {}}, {\"added\": {\"name\": \"article-paragraph relationship\", \"object\": \"Article_paragraphs object (47)\"}}, {\"added\": {\"name\": \"article-paragraph relationship\", \"object\": \"Article_paragraphs object (48)\"}}, {\"added\": {\"name\": \"article-paragraph relationship\", \"object\": \"Article_paragraphs object (49)\"}}, {\"added\": {\"name\": \"article-paragraph relationship\", \"object\": \"Article_paragraphs object (50)\"}}, {\"added\": {\"name\": \"article-paragraph relationship\", \"object\": \"Article_paragraphs object (51)\"}}, {\"added\": {\"name\": \"article-paragraph relationship\", \"object\": \"Article_paragraphs object (52)\"}}, {\"added\": {\"name\": \"article-paragraph relationship\", \"object\": \"Article_paragraphs object (53)\"}}, {\"added\": {\"name\": \"article-image relationship\", \"object\": \"Article_images object (2)\"}}]"}}, {"model": "admin.logentry", "pk": 163, "fields": {"action_time": "2024-05-14T00:40:11.450Z", "user": 1, "content_type": 7, "object_id": "3", "object_repr": "Space tourism industry | 3", "action_flag": 2, "change_message": "[{\"changed\": {\"fields\": [\"Order\"]}}]"}}, {"model": "admin.logentry", "pk": 164, "fields": {"action_time": "2024-05-14T00:40:19.090Z", "user": 1, "content_type": 7, "object_id": "3", "object_repr": "i m a g e | 3", "action_flag": 2, "change_message": "[{\"changed\": {\"fields\": [\"Caption\"]}}]"}}, {"model": "admin.logentry", "pk": 165, "fields": {"action_time": "2024-05-14T00:40:28.050Z", "user": 1, "content_type": 7, "object_id": "3", "object_repr": "Space tourism industry | 3", "action_flag": 2, "change_message": "[{\"changed\": {\"fields\": [\"Caption\"]}}]"}}, {"model": "admin.logentry", "pk": 166, "fields": {"action_time": "2024-05-14T00:40:30.413Z", "user": 1, "content_type": 11, "object_id": "9", "object_repr": "Beyond Borders: The Economic Frontier of Space Tourism", "action_flag": 2, "change_message": "[]"}}, {"model": "admin.logentry", "pk": 167, "fields": {"action_time": "2024-05-14T00:44:35.755Z", "user": 1, "content_type": 19, "object_id": "58", "object_repr": "To develop a human landing system for | 1", "action_flag": 1, "change_message": "[{\"added\": {}}]"}}, {"model": "admin.logentry", "pk": 168, "fields": {"action_time": "2024-05-14T00:45:07.466Z", "user": 1, "content_type": 19, "object_id": "59", "object_repr": "To develop a human landing system for | 2", "action_flag": 1, "change_message": "[{\"added\": {}}]"}}, {"model": "admin.logentry", "pk": 169, "fields": {"action_time": "2024-05-14T00:45:26.923Z", "user": 1, "content_type": 19, "object_id": "60", "object_repr": "Blue Origin will design, develop, test, and | 3", "action_flag": 1, "change_message": "[{\"added\": {}}]"}}, {"model": "admin.logentry", "pk": 170, "fields": {"action_time": "2024-05-14T00:45:41.927Z", "user": 1, "content_type": 19, "object_id": "61", "object_repr": "“Today we are excited to announce Blue | 4", "action_flag": 1, "change_message": "[{\"added\": {}}]"}}, {"model": "admin.logentry", "pk": 171, "fields": {"action_time": "2024-05-14T00:46:00.291Z", "user": 1, "content_type": 19, "object_id": "62", "object_repr": "For the Artemis V mission, NASA’s SLS | 5", "action_flag": 1, "change_message": "[{\"added\": {}}]"}}, {"model": "admin.logentry", "pk": 172, "fields": {"action_time": "2024-05-14T00:46:18.931Z", "user": 1, "content_type": 19, "object_id": "63", "object_repr": "Adding another human landing system partner to | 7", "action_flag": 1, "change_message": "[{\"added\": {}}]"}}, {"model": "admin.logentry", "pk": 173, "fields": {"action_time": "2024-05-14T00:46:24.860Z", "user": 1, "content_type": 19, "object_id": "63", "object_repr": "Adding another human landing system partner to | 6", "action_flag": 2, "change_message": "[{\"changed\": {\"fields\": [\"Order\"]}}]"}}, {"model": "admin.logentry", "pk": 174, "fields": {"action_time": "2024-05-14T00:46:41.261Z", "user": 1, "content_type": 19, "object_id": "64", "object_repr": "The agency previously contracted SpaceX to demonstrate | 7", "action_flag": 1, "change_message": "[{\"added\": {}}]"}}, {"model": "admin.logentry", "pk": 175, "fields": {"action_time": "2024-05-14T00:46:58.251Z", "user": 1, "content_type": 19, "object_id": "65", "object_repr": "By supporting industry’s development of innovative human | 8", "action_flag": 1, "change_message": "[{\"added\": {}}]"}}, {"model": "admin.logentry", "pk": 176, "fields": {"action_time": "2024-05-14T00:47:15.499Z", "user": 1, "content_type": 19, "object_id": "66", "object_repr": "“Having two distinct lunar lander designs, with | 9", "action_flag": 1, "change_message": "[{\"added\": {}}]"}}, {"model": "admin.logentry", "pk": 177, "fields": {"action_time": "2024-05-14T00:47:19.769Z", "user": 1, "content_type": 11, "object_id": "10", "object_repr": "NASA Selects Blue Origin as Second Artemis Lunar Lander Provider", "action_flag": 1, "change_message": "[{\"added\": {}}, {\"added\": {\"name\": \"article-paragraph relationship\", \"object\": \"Article_paragraphs object (54)\"}}, {\"added\": {\"name\": \"article-paragraph relationship\", \"object\": \"Article_paragraphs object (55)\"}}, {\"added\": {\"name\": \"article-paragraph relationship\", \"object\": \"Article_paragraphs object (56)\"}}, {\"added\": {\"name\": \"article-paragraph relationship\", \"object\": \"Article_paragraphs object (57)\"}}, {\"added\": {\"name\": \"article-paragraph relationship\", \"object\": \"Article_paragraphs object (58)\"}}, {\"added\": {\"name\": \"article-paragraph relationship\", \"object\": \"Article_paragraphs object (59)\"}}, {\"added\": {\"name\": \"article-paragraph relationship\", \"object\": \"Article_paragraphs object (60)\"}}, {\"added\": {\"name\": \"article-paragraph relationship\", \"object\": \"Article_paragraphs object (61)\"}}, {\"added\": {\"name\": \"article-paragraph relationship\", \"object\": \"Article_paragraphs object (62)\"}}]"}}, {"model": "admin.logentry", "pk": 178, "fields": {"action_time": "2024-05-14T00:47:25.798Z", "user": 1, "content_type": 8, "object_id": "1", "object_repr": "Second Artemis Lunar Lander Provider", "action_flag": 2, "change_message": "[{\"changed\": {\"fields\": [\"Article\"]}}]"}}, {"model": "admin.logentry", "pk": 179, "fields": {"action_time": "2024-05-14T01:05:41.784Z", "user": 1, "content_type": 11, "object_id": "10", "object_repr": "NASA Selects Blue Origin as Second Artemis Lunar Lander Provider", "action_flag": 2, "change_message": "[{\"changed\": {\"fields\": [\"Type\"]}}]"}}, {"model": "admin.logentry", "pk": 180, "fields": {"action_time": "2024-05-14T01:06:00.561Z", "user": 1, "content_type": 11, "object_id": "10", "object_repr": "NASA Selects Blue Origin as Second Artemis Lunar Lander Provider", "action_flag": 2, "change_message": "[{\"changed\": {\"fields\": [\"Type\"]}}]"}}, {"model": "admin.logentry", "pk": 181, "fields": {"action_time": "2024-05-14T04:23:09.773Z", "user": 1, "content_type": 7, "object_id": "1", "object_repr": "Long march 5 Rocket | 1", "action_flag": 2, "change_message": "[{\"changed\": {\"fields\": [\"Order\"]}}]"}}, {"model": "admin.logentry", "pk": 182, "fields": {"action_time": "2024-05-14T04:23:15.710Z", "user": 1, "content_type": 19, "object_id": "1", "object_repr": "China’s largest rocket has blasted off to | 3", "action_flag": 2, "change_message": "[{\"changed\": {\"fields\": [\"Order\"]}}]"}}, {"model": "admin.logentry", "pk": 183, "fields": {"action_time": "2024-05-14T04:23:31.870Z", "user": 1, "content_type": 7, "object_id": "1", "object_repr": "Long march 5 Rocket | 3", "action_flag": 2, "change_message": "[{\"changed\": {\"fields\": [\"Order\"]}}]"}}, {"model": "admin.logentry", "pk": 184, "fields": {"action_time": "2024-05-14T04:23:48.701Z", "user": 1, "content_type": 19, "object_id": "1", "object_repr": "China’s largest rocket has blasted off to | 1", "action_flag": 2, "change_message": "[{\"changed\": {\"fields\": [\"Order\"]}}]"}}, {"model": "admin.logentry", "pk": 185, "fields": {"action_time": "2024-05-14T04:23:50.995Z", "user": 1, "content_type": 16, "object_id": "1", "object_repr": "China launches Chang’e-6 probe to study dark side of the moon", "action_flag": 2, "change_message": "[]"}}, {"model": "admin.logentry", "pk": 186, "fields": {"action_time": "2024-05-14T04:29:33.449Z", "user": 1, "content_type": 11, "object_id": "8", "object_repr": "Chandrayaan-3", "action_flag": 2, "change_message": "[]"}}, {"model": "admin.logentry", "pk": 187, "fields": {"action_time": "2024-05-16T00:38:12.771Z", "user": 1, "content_type": 22, "object_id": "21", "object_repr": "Dynetics", "action_flag": 2, "change_message": "[{\"changed\": {\"fields\": [\"Logo\"]}}]"}}, {"model": "admin.logentry", "pk": 188, "fields": {"action_time": "2024-05-16T00:39:08.738Z", "user": 1, "content_type": 22, "object_id": "20", "object_repr": "Roscosmos", "action_flag": 2, "change_message": "[{\"changed\": {\"fields\": [\"Logo\"]}}]"}}, {"model": "admin.logentry", "pk": 189, "fields": {"action_time": "2024-05-16T00:39:37.446Z", "user": 1, "content_type": 22, "object_id": "19", "object_repr": "JAXA", "action_flag": 2, "change_message": "[{\"changed\": {\"fields\": [\"Logo\"]}}]"}}, {"model": "admin.logentry", "pk": 190, "fields": {"action_time": "2024-05-16T00:40:12.914Z", "user": 1, "content_type": 22, "object_id": "18", "object_repr": "SpaceX", "action_flag": 2, "change_message": "[{\"changed\": {\"fields\": [\"Logo\"]}}]"}}, {"model": "admin.logentry", "pk": 191, "fields": {"action_time": "2024-05-16T00:42:43.987Z", "user": 1, "content_type": 22, "object_id": "17", "object_repr": "Sierra Nevada Corporation", "action_flag": 2, "change_message": "[{\"changed\": {\"fields\": [\"Logo\"]}}]"}}, {"model": "admin.logentry", "pk": 192, "fields": {"action_time": "2024-05-16T00:43:29.368Z", "user": 1, "content_type": 22, "object_id": "16", "object_repr": "OrbitBeyond", "action_flag": 2, "change_message": "[{\"changed\": {\"fields\": [\"Logo\"]}}]"}}, {"model": "admin.logentry", "pk": 193, "fields": {"action_time": "2024-05-16T00:44:11.645Z", "user": 1, "content_type": 22, "object_id": "15", "object_repr": "Moon Express", "action_flag": 2, "change_message": "[{\"changed\": {\"fields\": [\"Logo\"]}}]"}}, {"model": "admin.logentry", "pk": 194, "fields": {"action_time": "2024-05-16T00:44:56.673Z", "user": 1, "content_type": 22, "object_id": "14", "object_repr": "Lockheed Martin Space", "action_flag": 2, "change_message": "[{\"changed\": {\"fields\": [\"Logo\"]}}]"}}, {"model": "admin.logentry", "pk": 195, "fields": {"action_time": "2024-05-16T00:45:51.018Z", "user": 1, "content_type": 22, "object_id": "13", "object_repr": "Intuitive Machines", "action_flag": 2, "change_message": "[{\"changed\": {\"fields\": [\"Logo\"]}}]"}}, {"model": "admin.logentry", "pk": 196, "fields": {"action_time": "2024-05-16T00:46:26.710Z", "user": 1, "content_type": 22, "object_id": "12", "object_repr": "Firefly Aerospace", "action_flag": 2, "change_message": "[{\"changed\": {\"fields\": [\"Logo\"]}}]"}}, {"model": "admin.logentry", "pk": 197, "fields": {"action_time": "2024-05-16T00:47:01.555Z", "user": 1, "content_type": 22, "object_id": "11", "object_repr": "European Space Agency", "action_flag": 2, "change_message": "[{\"changed\": {\"fields\": [\"Logo\"]}}]"}}, {"model": "admin.logentry", "pk": 198, "fields": {"action_time": "2024-05-16T00:47:54.413Z", "user": 1, "content_type": 22, "object_id": "10", "object_repr": "TeamIndus", "action_flag": 2, "change_message": "[{\"changed\": {\"fields\": [\"Logo\"]}}]"}}, {"model": "admin.logentry", "pk": 199, "fields": {"action_time": "2024-05-16T00:48:26.287Z", "user": 1, "content_type": 22, "object_id": "9", "object_repr": "Google", "action_flag": 2, "change_message": "[{\"changed\": {\"fields\": [\"Logo\"]}}]"}}, {"model": "admin.logentry", "pk": 200, "fields": {"action_time": "2024-05-16T00:49:18.235Z", "user": 1, "content_type": 22, "object_id": "8", "object_repr": "Draper Laboratory", "action_flag": 2, "change_message": "[{\"changed\": {\"fields\": [\"Logo\"]}}]"}}, {"model": "admin.logentry", "pk": 201, "fields": {"action_time": "2024-05-16T00:49:50.395Z", "user": 1, "content_type": 22, "object_id": "7", "object_repr": "Deep Space Systems", "action_flag": 2, "change_message": "[{\"changed\": {\"fields\": [\"Logo\"]}}]"}}, {"model": "admin.logentry", "pk": 202, "fields": {"action_time": "2024-05-16T00:50:38.529Z", "user": 1, "content_type": 22, "object_id": "6", "object_repr": "Ceres Robotics", "action_flag": 2, "change_message": "[{\"changed\": {\"fields\": [\"Logo\"]}}]"}}, {"model": "admin.logentry", "pk": 203, "fields": {"action_time": "2024-05-16T00:51:11.169Z", "user": 1, "content_type": 22, "object_id": "5", "object_repr": "Blue Origins", "action_flag": 2, "change_message": "[{\"changed\": {\"fields\": [\"Logo\"]}}]"}}, {"model": "admin.logentry", "pk": 204, "fields": {"action_time": "2024-05-16T00:52:20.128Z", "user": 1, "content_type": 22, "object_id": "4", "object_repr": "Astrobotic", "action_flag": 2, "change_message": "[{\"changed\": {\"fields\": [\"Logo\"]}}]"}}, {"model": "admin.logentry", "pk": 205, "fields": {"action_time": "2024-05-16T00:52:31.447Z", "user": 1, "content_type": 22, "object_id": "3", "object_repr": "Indian Space Research Organisation", "action_flag": 2, "change_message": "[{\"changed\": {\"fields\": [\"Logo\"]}}]"}}, {"model": "admin.logentry", "pk": 206, "fields": {"action_time": "2024-05-16T00:52:42.480Z", "user": 1, "content_type": 22, "object_id": "2", "object_repr": "National Aeronautics and Space Administration", "action_flag": 2, "change_message": "[{\"changed\": {\"fields\": [\"Logo\"]}}]"}}, {"model": "admin.logentry", "pk": 207, "fields": {"action_time": "2024-05-16T00:52:51.605Z", "user": 1, "content_type": 22, "object_id": "1", "object_repr": "China National Space Administration", "action_flag": 2, "change_message": "[{\"changed\": {\"fields\": [\"Logo\"]}}]"}}, {"model": "admin.logentry", "pk": 208, "fields": {"action_time": "2024-05-16T00:56:57.478Z", "user": 1, "content_type": 20, "object_id": "7", "object_repr": "LUNA Program", "action_flag": 2, "change_message": "[{\"changed\": {\"fields\": [\"Logo\"]}}]"}}, {"model": "admin.logentry", "pk": 209, "fields": {"action_time": "2024-05-16T00:59:32.593Z", "user": 1, "content_type": 20, "object_id": "7", "object_repr": "LUNA Program", "action_flag": 2, "change_message": "[{\"changed\": {\"fields\": [\"Logo\"]}}]"}}, {"model": "admin.logentry", "pk": 210, "fields": {"action_time": "2024-05-16T01:00:08.097Z", "user": 1, "content_type": 20, "object_id": "6", "object_repr": "Chandrayaan programme", "action_flag": 2, "change_message": "[{\"changed\": {\"fields\": [\"Logo\"]}}]"}}, {"model": "admin.logentry", "pk": 211, "fields": {"action_time": "2024-05-16T01:00:50.804Z", "user": 1, "content_type": 20, "object_id": "5", "object_repr": "Lunar Gateway", "action_flag": 2, "change_message": "[{\"changed\": {\"fields\": [\"Logo\"]}}]"}}, {"model": "admin.logentry", "pk": 212, "fields": {"action_time": "2024-05-16T01:01:25.148Z", "user": 1, "content_type": 20, "object_id": "4", "object_repr": "Google Lunar X Prize", "action_flag": 2, "change_message": "[{\"changed\": {\"fields\": [\"Logo\"]}}]"}}, {"model": "admin.logentry", "pk": 213, "fields": {"action_time": "2024-05-16T01:04:08.055Z", "user": 1, "content_type": 20, "object_id": "3", "object_repr": "Commercial Lunar Payload Services", "action_flag": 2, "change_message": "[{\"changed\": {\"fields\": [\"Logo\"]}}]"}}, {"model": "admin.logentry", "pk": 214, "fields": {"action_time": "2024-05-16T01:04:41.393Z", "user": 1, "content_type": 20, "object_id": "2", "object_repr": "Artemis program", "action_flag": 2, "change_message": "[{\"changed\": {\"fields\": [\"Logo\"]}}]"}}, {"model": "admin.logentry", "pk": 215, "fields": {"action_time": "2024-05-16T01:05:13.824Z", "user": 1, "content_type": 20, "object_id": "1", "object_repr": "Chinese Lunar Exploration Program", "action_flag": 2, "change_message": "[{\"changed\": {\"fields\": [\"Logo\"]}}]"}}, {"model": "admin.logentry", "pk": 216, "fields": {"action_time": "2024-05-16T01:32:37.975Z", "user": 1, "content_type": 20, "object_id": "2", "object_repr": "Artemis program", "action_flag": 2, "change_message": "[{\"changed\": {\"fields\": [\"Start date\"]}}]"}}, {"model": "admin.logentry", "pk": 217, "fields": {"action_time": "2024-05-16T01:42:03.037Z", "user": 1, "content_type": 16, "object_id": "2", "object_repr": "Russia may skip first operational Starliner mission", "action_flag": 2, "change_message": "[{\"changed\": {\"fields\": [\"Thumbnail\"]}}]"}}, {"model": "admin.logentry", "pk": 218, "fields": {"action_time": "2024-05-16T03:19:50.515Z", "user": 1, "content_type": 11, "object_id": "1", "object_repr": "SpaceX", "action_flag": 2, "change_message": "[{\"changed\": {\"fields\": [\"Thumbnail\"]}}]"}}, {"model": "admin.logentry", "pk": 219, "fields": {"action_time": "2024-05-16T03:20:59.932Z", "user": 1, "content_type": 11, "object_id": "8", "object_repr": "Chandrayaan-3", "action_flag": 2, "change_message": "[{\"changed\": {\"fields\": [\"Thumbnail\"]}}]"}}, {"model": "admin.logentry", "pk": 220, "fields": {"action_time": "2024-05-16T03:21:40.630Z", "user": 1, "content_type": 11, "object_id": "7", "object_repr": "LUNA 25", "action_flag": 2, "change_message": "[{\"changed\": {\"fields\": [\"Thumbnail\"]}}]"}}, {"model": "admin.logentry", "pk": 221, "fields": {"action_time": "2024-05-16T03:22:29.576Z", "user": 1, "content_type": 11, "object_id": "6", "object_repr": "SLIM", "action_flag": 2, "change_message": "[{\"changed\": {\"fields\": [\"Thumbnail\"]}}]"}}, {"model": "admin.logentry", "pk": 222, "fields": {"action_time": "2024-05-16T03:23:18.694Z", "user": 1, "content_type": 11, "object_id": "5", "object_repr": "Peregrine Mission One", "action_flag": 2, "change_message": "[{\"changed\": {\"fields\": [\"Thumbnail\"]}}]"}}, {"model": "admin.logentry", "pk": 223, "fields": {"action_time": "2024-05-16T03:23:47.690Z", "user": 1, "content_type": 11, "object_id": "4", "object_repr": "IM-1", "action_flag": 2, "change_message": "[{\"changed\": {\"fields\": [\"Thumbnail\"]}}]"}}, {"model": "admin.logentry", "pk": 224, "fields": {"action_time": "2024-05-16T03:24:28.475Z", "user": 1, "content_type": 11, "object_id": "3", "object_repr": "Queqiao-2", "action_flag": 2, "change_message": "[{\"changed\": {\"fields\": [\"Thumbnail\"]}}]"}}, {"model": "admin.logentry", "pk": 225, "fields": {"action_time": "2024-05-16T03:25:21.477Z", "user": 1, "content_type": 11, "object_id": "2", "object_repr": "Chang'e 6", "action_flag": 2, "change_message": "[{\"changed\": {\"fields\": [\"Thumbnail\"]}}]"}}, {"model": "admin.logentry", "pk": 226, "fields": {"action_time": "2024-05-16T03:27:55.513Z", "user": 1, "content_type": 11, "object_id": "1", "object_repr": "SpaceX", "action_flag": 2, "change_message": "[{\"changed\": {\"fields\": [\"Thumbnail\"]}}]"}}, {"model": "admin.logentry", "pk": 227, "fields": {"action_time": "2024-05-16T03:42:34.693Z", "user": 1, "content_type": 10, "object_id": "7", "object_repr": "Launch object (7)", "action_flag": 2, "change_message": "[{\"changed\": {\"fields\": [\"Logo\"]}}]"}}, {"model": "admin.logentry", "pk": 228, "fields": {"action_time": "2024-05-16T03:43:31.433Z", "user": 1, "content_type": 10, "object_id": "6", "object_repr": "Launch object (6)", "action_flag": 2, "change_message": "[{\"changed\": {\"fields\": [\"Logo\"]}}]"}}, {"model": "admin.logentry", "pk": 229, "fields": {"action_time": "2024-05-16T03:44:27.028Z", "user": 1, "content_type": 10, "object_id": "5", "object_repr": "Launch object (5)", "action_flag": 2, "change_message": "[{\"changed\": {\"fields\": [\"Logo\"]}}]"}}, {"model": "admin.logentry", "pk": 230, "fields": {"action_time": "2024-05-16T03:45:25.750Z", "user": 1, "content_type": 10, "object_id": "4", "object_repr": "Launch object (4)", "action_flag": 2, "change_message": "[{\"changed\": {\"fields\": [\"Logo\"]}}]"}}, {"model": "admin.logentry", "pk": 231, "fields": {"action_time": "2024-05-16T03:46:59.062Z", "user": 1, "content_type": 10, "object_id": "3", "object_repr": "Launch object (3)", "action_flag": 2, "change_message": "[{\"changed\": {\"fields\": [\"Logo\"]}}]"}}, {"model": "admin.logentry", "pk": 232, "fields": {"action_time": "2024-05-16T03:47:44.994Z", "user": 1, "content_type": 10, "object_id": "2", "object_repr": "Launch object (2)", "action_flag": 2, "change_message": "[{\"changed\": {\"fields\": [\"Logo\"]}}]"}}, {"model": "admin.logentry", "pk": 233, "fields": {"action_time": "2024-05-16T03:48:45.350Z", "user": 1, "content_type": 10, "object_id": "1", "object_repr": "Launch object (1)", "action_flag": 2, "change_message": "[{\"changed\": {\"fields\": [\"Logo\"]}}]"}}, {"model": "admin.logentry", "pk": 234, "fields": {"action_time": "2024-05-31T03:36:00.986Z", "user": 1, "content_type": 18, "object_id": "1", "object_repr": "Blue Origins | None", "action_flag": 2, "change_message": "[{\"changed\": {\"fields\": [\"Amount\"]}}]"}}, {"model": "admin.logentry", "pk": 235, "fields": {"action_time": "2024-05-31T03:36:03.890Z", "user": 1, "content_type": 18, "object_id": "2", "object_repr": "Blue Origins | 0", "action_flag": 2, "change_message": "[]"}}, {"model": "admin.logentry", "pk": 236, "fields": {"action_time": "2024-05-31T03:36:06.560Z", "user": 1, "content_type": 18, "object_id": "3", "object_repr": "SpaceX | 0", "action_flag": 2, "change_message": "[]"}}, {"model": "admin.logentry", "pk": 237, "fields": {"action_time": "2024-05-31T03:36:09.567Z", "user": 1, "content_type": 18, "object_id": "4", "object_repr": "Dynetics | 0", "action_flag": 2, "change_message": "[]"}}, {"model": "admin.logentry", "pk": 238, "fields": {"action_time": "2024-05-31T03:36:20.968Z", "user": 1, "content_type": 14, "object_id": "1", "object_repr": "Commercial Lunar Payload Services | None", "action_flag": 2, "change_message": "[{\"changed\": {\"fields\": [\"Amount\"]}}]"}}, {"model": "admin.logentry", "pk": 239, "fields": {"action_time": "2024-05-31T03:36:24.641Z", "user": 1, "content_type": 14, "object_id": "1", "object_repr": "Commercial Lunar Payload Services | None", "action_flag": 2, "change_message": "[]"}}, {"model": "admin.logentry", "pk": 240, "fields": {"action_time": "2024-05-31T03:36:27.152Z", "user": 1, "content_type": 14, "object_id": "2", "object_repr": "Commercial Lunar Payload Services | 0", "action_flag": 2, "change_message": "[]"}}, {"model": "admin.logentry", "pk": 241, "fields": {"action_time": "2024-05-31T03:39:31.389Z", "user": 1, "content_type": 8, "object_id": "1", "object_repr": "Second Artemis Lunar Lander Provider", "action_flag": 2, "change_message": "[{\"changed\": {\"fields\": [\"Amount\"]}}]"}}, {"model": "admin.logentry", "pk": 242, "fields": {"action_time": "2024-05-31T03:39:37.960Z", "user": 1, "content_type": 8, "object_id": "2", "object_repr": "Human Landers for Artemis Moon Missions", "action_flag": 2, "change_message": "[{\"changed\": {\"fields\": [\"Amount\"]}}]"}}, {"model": "auth.permission", "pk": 1, "fields": {"name": "Can add log entry", "content_type": 1, "codename": "add_logentry"}}, {"model": "auth.permission", "pk": 2, "fields": {"name": "Can change log entry", "content_type": 1, "codename": "change_logentry"}}, {"model": "auth.permission", "pk": 3, "fields": {"name": "Can delete log entry", "content_type": 1, "codename": "delete_logentry"}}, {"model": "auth.permission", "pk": 4, "fields": {"name": "Can view log entry", "content_type": 1, "codename": "view_logentry"}}, {"model": "auth.permission", "pk": 5, "fields": {"name": "Can add permission", "content_type": 2, "codename": "add_permission"}}, {"model": "auth.permission", "pk": 6, "fields": {"name": "Can change permission", "content_type": 2, "codename": "change_permission"}}, {"model": "auth.permission", "pk": 7, "fields": {"name": "Can delete permission", "content_type": 2, "codename": "delete_permission"}}, {"model": "auth.permission", "pk": 8, "fields": {"name": "Can view permission", "content_type": 2, "codename": "view_permission"}}, {"model": "auth.permission", "pk": 9, "fields": {"name": "Can add group", "content_type": 3, "codename": "add_group"}}, {"model": "auth.permission", "pk": 10, "fields": {"name": "Can change group", "content_type": 3, "codename": "change_group"}}, {"model": "auth.permission", "pk": 11, "fields": {"name": "Can delete group", "content_type": 3, "codename": "delete_group"}}, {"model": "auth.permission", "pk": 12, "fields": {"name": "Can view group", "content_type": 3, "codename": "view_group"}}, {"model": "auth.permission", "pk": 13, "fields": {"name": "Can add user", "content_type": 4, "codename": "add_user"}}, {"model": "auth.permission", "pk": 14, "fields": {"name": "Can change user", "content_type": 4, "codename": "change_user"}}, {"model": "auth.permission", "pk": 15, "fields": {"name": "Can delete user", "content_type": 4, "codename": "delete_user"}}, {"model": "auth.permission", "pk": 16, "fields": {"name": "Can view user", "content_type": 4, "codename": "view_user"}}, {"model": "auth.permission", "pk": 17, "fields": {"name": "Can add content type", "content_type": 5, "codename": "add_contenttype"}}, {"model": "auth.permission", "pk": 18, "fields": {"name": "Can change content type", "content_type": 5, "codename": "change_contenttype"}}, {"model": "auth.permission", "pk": 19, "fields": {"name": "Can delete content type", "content_type": 5, "codename": "delete_contenttype"}}, {"model": "auth.permission", "pk": 20, "fields": {"name": "Can view content type", "content_type": 5, "codename": "view_contenttype"}}, {"model": "auth.permission", "pk": 21, "fields": {"name": "Can add session", "content_type": 6, "codename": "add_session"}}, {"model": "auth.permission", "pk": 22, "fields": {"name": "Can change session", "content_type": 6, "codename": "change_session"}}, {"model": "auth.permission", "pk": 23, "fields": {"name": "Can delete session", "content_type": 6, "codename": "delete_session"}}, {"model": "auth.permission", "pk": 24, "fields": {"name": "Can view session", "content_type": 6, "codename": "view_session"}}, {"model": "auth.permission", "pk": 25, "fields": {"name": "Can add image", "content_type": 7, "codename": "add_image"}}, {"model": "auth.permission", "pk": 26, "fields": {"name": "Can change image", "content_type": 7, "codename": "change_image"}}, {"model": "auth.permission", "pk": 27, "fields": {"name": "Can delete image", "content_type": 7, "codename": "delete_image"}}, {"model": "auth.permission", "pk": 28, "fields": {"name": "Can view image", "content_type": 7, "codename": "view_image"}}, {"model": "auth.permission", "pk": 29, "fields": {"name": "Can add capital", "content_type": 8, "codename": "add_capital"}}, {"model": "auth.permission", "pk": 30, "fields": {"name": "Can change capital", "content_type": 8, "codename": "change_capital"}}, {"model": "auth.permission", "pk": 31, "fields": {"name": "Can delete capital", "content_type": 8, "codename": "delete_capital"}}, {"model": "auth.permission", "pk": 32, "fields": {"name": "Can view capital", "content_type": 8, "codename": "view_capital"}}, {"model": "auth.permission", "pk": 33, "fields": {"name": "Can add probe", "content_type": 9, "codename": "add_probe"}}, {"model": "auth.permission", "pk": 34, "fields": {"name": "Can change probe", "content_type": 9, "codename": "change_probe"}}, {"model": "auth.permission", "pk": 35, "fields": {"name": "Can delete probe", "content_type": 9, "codename": "delete_probe"}}, {"model": "auth.permission", "pk": 36, "fields": {"name": "Can view probe", "content_type": 9, "codename": "view_probe"}}, {"model": "auth.permission", "pk": 37, "fields": {"name": "Can add launch", "content_type": 10, "codename": "add_launch"}}, {"model": "auth.permission", "pk": 38, "fields": {"name": "Can change launch", "content_type": 10, "codename": "change_launch"}}, {"model": "auth.permission", "pk": 39, "fields": {"name": "Can delete launch", "content_type": 10, "codename": "delete_launch"}}, {"model": "auth.permission", "pk": 40, "fields": {"name": "Can view launch", "content_type": 10, "codename": "view_launch"}}, {"model": "auth.permission", "pk": 41, "fields": {"name": "Can add article", "content_type": 11, "codename": "add_article"}}, {"model": "auth.permission", "pk": 42, "fields": {"name": "Can change article", "content_type": 11, "codename": "change_article"}}, {"model": "auth.permission", "pk": 43, "fields": {"name": "Can delete article", "content_type": 11, "codename": "delete_article"}}, {"model": "auth.permission", "pk": 44, "fields": {"name": "Can view article", "content_type": 11, "codename": "view_article"}}, {"model": "auth.permission", "pk": 45, "fields": {"name": "Can add capital to probe", "content_type": 12, "codename": "add_capitaltoprobe"}}, {"model": "auth.permission", "pk": 46, "fields": {"name": "Can change capital to probe", "content_type": 12, "codename": "change_capitaltoprobe"}}, {"model": "auth.permission", "pk": 47, "fields": {"name": "Can delete capital to probe", "content_type": 12, "codename": "delete_capitaltoprobe"}}, {"model": "auth.permission", "pk": 48, "fields": {"name": "Can view capital to probe", "content_type": 12, "codename": "view_capitaltoprobe"}}, {"model": "auth.permission", "pk": 49, "fields": {"name": "Can add capital to launch", "content_type": 13, "codename": "add_capitaltolaunch"}}, {"model": "auth.permission", "pk": 50, "fields": {"name": "Can change capital to launch", "content_type": 13, "codename": "change_capitaltolaunch"}}, {"model": "auth.permission", "pk": 51, "fields": {"name": "Can delete capital to launch", "content_type": 13, "codename": "delete_capitaltolaunch"}}, {"model": "auth.permission", "pk": 52, "fields": {"name": "Can view capital to launch", "content_type": 13, "codename": "view_capitaltolaunch"}}, {"model": "auth.permission", "pk": 53, "fields": {"name": "Can add capital to project", "content_type": 14, "codename": "add_capitaltoproject"}}, {"model": "auth.permission", "pk": 54, "fields": {"name": "Can change capital to project", "content_type": 14, "codename": "change_capitaltoproject"}}, {"model": "auth.permission", "pk": 55, "fields": {"name": "Can delete capital to project", "content_type": 14, "codename": "delete_capitaltoproject"}}, {"model": "auth.permission", "pk": 56, "fields": {"name": "Can view capital to project", "content_type": 14, "codename": "view_capitaltoproject"}}, {"model": "auth.permission", "pk": 57, "fields": {"name": "Can add technology", "content_type": 15, "codename": "add_technology"}}, {"model": "auth.permission", "pk": 58, "fields": {"name": "Can change technology", "content_type": 15, "codename": "change_technology"}}, {"model": "auth.permission", "pk": 59, "fields": {"name": "Can delete technology", "content_type": 15, "codename": "delete_technology"}}, {"model": "auth.permission", "pk": 60, "fields": {"name": "Can view technology", "content_type": 15, "codename": "view_technology"}}, {"model": "auth.permission", "pk": 61, "fields": {"name": "Can add news story", "content_type": 16, "codename": "add_newsstory"}}, {"model": "auth.permission", "pk": 62, "fields": {"name": "Can change news story", "content_type": 16, "codename": "change_newsstory"}}, {"model": "auth.permission", "pk": 63, "fields": {"name": "Can delete news story", "content_type": 16, "codename": "delete_newsstory"}}, {"model": "auth.permission", "pk": 64, "fields": {"name": "Can view news story", "content_type": 16, "codename": "view_newsstory"}}, {"model": "auth.permission", "pk": 65, "fields": {"name": "Can add capital to technology", "content_type": 17, "codename": "add_capitaltotechnology"}}, {"model": "auth.permission", "pk": 66, "fields": {"name": "Can change capital to technology", "content_type": 17, "codename": "change_capitaltotechnology"}}, {"model": "auth.permission", "pk": 67, "fields": {"name": "Can delete capital to technology", "content_type": 17, "codename": "delete_capitaltotechnology"}}, {"model": "auth.permission", "pk": 68, "fields": {"name": "Can view capital to technology", "content_type": 17, "codename": "view_capitaltotechnology"}}, {"model": "auth.permission", "pk": 69, "fields": {"name": "Can add capital to comapny", "content_type": 18, "codename": "add_capitaltocomapny"}}, {"model": "auth.permission", "pk": 70, "fields": {"name": "Can change capital to comapny", "content_type": 18, "codename": "change_capitaltocomapny"}}, {"model": "auth.permission", "pk": 71, "fields": {"name": "Can delete capital to comapny", "content_type": 18, "codename": "delete_capitaltocomapny"}}, {"model": "auth.permission", "pk": 72, "fields": {"name": "Can view capital to comapny", "content_type": 18, "codename": "view_capitaltocomapny"}}, {"model": "auth.permission", "pk": 73, "fields": {"name": "Can add paragraph", "content_type": 19, "codename": "add_paragraph"}}, {"model": "auth.permission", "pk": 74, "fields": {"name": "Can change paragraph", "content_type": 19, "codename": "change_paragraph"}}, {"model": "auth.permission", "pk": 75, "fields": {"name": "Can delete paragraph", "content_type": 19, "codename": "delete_paragraph"}}, {"model": "auth.permission", "pk": 76, "fields": {"name": "Can view paragraph", "content_type": 19, "codename": "view_paragraph"}}, {"model": "auth.permission", "pk": 77, "fields": {"name": "Can add project", "content_type": 20, "codename": "add_project"}}, {"model": "auth.permission", "pk": 78, "fields": {"name": "Can change project", "content_type": 20, "codename": "change_project"}}, {"model": "auth.permission", "pk": 79, "fields": {"name": "Can delete project", "content_type": 20, "codename": "delete_project"}}, {"model": "auth.permission", "pk": 80, "fields": {"name": "Can view project", "content_type": 20, "codename": "view_project"}}, {"model": "auth.permission", "pk": 81, "fields": {"name": "Can add reference", "content_type": 21, "codename": "add_reference"}}, {"model": "auth.permission", "pk": 82, "fields": {"name": "Can change reference", "content_type": 21, "codename": "change_reference"}}, {"model": "auth.permission", "pk": 83, "fields": {"name": "Can delete reference", "content_type": 21, "codename": "delete_reference"}}, {"model": "auth.permission", "pk": 84, "fields": {"name": "Can view reference", "content_type": 21, "codename": "view_reference"}}, {"model": "auth.permission", "pk": 85, "fields": {"name": "Can add company", "content_type": 22, "codename": "add_company"}}, {"model": "auth.permission", "pk": 86, "fields": {"name": "Can change company", "content_type": 22, "codename": "change_company"}}, {"model": "auth.permission", "pk": 87, "fields": {"name": "Can delete company", "content_type": 22, "codename": "delete_company"}}, {"model": "auth.permission", "pk": 88, "fields": {"name": "Can view company", "content_type": 22, "codename": "view_company"}}, {"model": "auth.permission", "pk": 89, "fields": {"name": "Can add people", "content_type": 23, "codename": "add_people"}}, {"model": "auth.permission", "pk": 90, "fields": {"name": "Can change people", "content_type": 23, "codename": "change_people"}}, {"model": "auth.permission", "pk": 91, "fields": {"name": "Can delete people", "content_type": 23, "codename": "delete_people"}}, {"model": "auth.permission", "pk": 92, "fields": {"name": "Can view people", "content_type": 23, "codename": "view_people"}}, {"model": "auth.user", "pk": 1, "fields": {"password": "pbkdf2_sha256$600000$VVGBi3YNs67izBdW87xRGb$6wVVVX2G0Q7isHWv0CMNmouINq1qocuEvYdliz5sKz4=", "last_login": "2024-05-31T03:35:47.468Z", "is_superuser": true, "username": "ritesh", "first_name": "", "last_name": "", "email": "", "is_staff": true, "is_active": true, "date_joined": "2024-05-04T21:56:47.389Z", "groups": [], "user_permissions": []}}, {"model": "sessions.session", "pk": "0slhndh87imxd8gazmnbq6ctis2zhyej", "fields": {"session_data": ".eJxVjEEOwiAQRe_C2hAHpAwu3XsGMjOgVA0kpV0Z726bdKHb_977bxVpmUtcep7imNRZgTr8bkzyzHUD6UH13rS0Ok8j603RO-362lJ-XXb376BQL2sdTgb8zfgweAwScADDaFECQKIjMpN3Hly2kFmsiMXEwThYq2wQUX2-s7s2zA:1sCqvz:-a9utK3-XOpIWZ0d-z9RP4hweZBpdoevkNQFF8iJCck", "expire_date": "2024-06-14T01:19:55.785Z"}}, {"model": "sessions.session", "pk": "8o7uldbfyx6dmv6rfe98nvwotzlop56z", "fields": {"session_data": ".eJxVjEEOwiAQRe_C2hDoQKEu3fcMZJgZpWpoUtqV8e7apAvd_vfef6mE21rS1mRJE6uzsur0u2Wkh9Qd8B3rbdY013WZst4VfdCmx5nleTncv4OCrXzrPtgo0WUI4MkACAxsPPQSIqBlRGPxKh1lhhzJO8NAIQ6ZOnYeoqj3B87ZN8o:1sCt3T:oz_bwPhi1BMDpwADZnV6CBtDa_YzCroyWs93dFvnkYM", "expire_date": "2024-06-14T03:35:47.472Z"}}, {"model": "sessions.session", "pk": "cvzepmwlz8qjtxa9ruzu5piq1nvv9wvd", "fields": {"session_data": ".eJxVjEEOwiAQRe_C2hDoQKEu3fcMZJgZpWpoUtqV8e7apAvd_vfef6mE21rS1mRJE6uzsur0u2Wkh9Qd8B3rbdY013WZst4VfdCmx5nleTncv4OCrXzrPtgo0WUI4MkACAxsPPQSIqBlRGPxKh1lhhzJO8NAIQ6ZOnYeoqj3B87ZN8o:1sCstC:ONwH8_2hm0leWhPGYmMK6k63s1dZFugNdA9OVxQVyAM", "expire_date": "2024-06-14T03:25:10.424Z"}}, {"model": "sessions.session", "pk": "rdblp7ax4oxz9ibtj2to8wic9x303n8y", "fields": {"session_data": ".eJxVjEEOwiAQRe_C2hAHpAwu3XsGMjOgVA0kpV0Z726bdKHb_977bxVpmUtcep7imNRZgTr8bkzyzHUD6UH13rS0Ok8j603RO-362lJ-XXb376BQL2sdTgb8zfgweAwScADDaFECQKIjMpN3Hly2kFmsiMXEwThYq2wQUX2-s7s2zA:1s3NNn:R7jx5w8bt6jsd0G8Grt2Bdolrq9COP_GsYio3wcru4s", "expire_date": "2024-05-18T21:57:27.682Z"}}, {"model": "api.reference", "pk": 1, "fields": {"name": "", "cite": "https://www.aljazeera.com/news/2024/5/3/china-launches-change-6-probe-to-study-dark-side-of-the-moon"}}, {"model": "api.reference", "pk": 2, "fields": {"name": "", "cite": "https://www.nasa.gov/news-release/nasa-selects-blue-origin-as-second-artemis-lunar-lander-provider/"}}, {"model": "api.reference", "pk": 3, "fields": {"name": "Human Landers for Artemis Moon Missions", "cite": "https://www.nasa.gov/news-release/nasa-names-companies-to-develop-human-landers-for-artemis-moon-missions/"}}, {"model": "api.paragraph", "pk": 1, "fields": {"title": "", "content": "China’s largest rocket has blasted off to space carrying the Chang’e-6 lunar probe for a nearly two-month mission to retrieve rocks and soil from the far side of the moon, in a world-first attempt.\r\n\r\nThe Long March-5 rocket lifted off at 5:27pm (09:27 GMT) on Friday from the Wenchang Space Launch Centre on the southern island province of Hainan with the more than eight-tonne probe.", "order": 1}}, {"model": "api.paragraph", "pk": 2, "fields": {"title": "", "content": "The launch marks another milestone in China’s lunar and space exploration programme.\r\n\r\n“Collecting and returning samples from the far side of the moon is an unprecedented feat,” Wu Weiren, chief designer of the country’s lunar exploration programme, told state news agency Xinhua.\r\n\r\nChang’e-6 is named after the Chinese mythical moon goddess.\r\n\r\n“We know very little about the moon’s far side. If the Chang’e-6 mission can achieve its goal, it will provide scientists with the first direct evidence to understand the environment and material composition of the far side of the moon, which is of great significance,” he said.\r\n\r\nLike its predecessor Chang’e-5, the Chang’e-6 comprises an orbiter, a lander, and an ascender, as well as a mechanism that allows it to return to Earth, according to Xinhua.\r\n\r\nThe South Pole-Aitken Basin, where Chang’e-6 is set to land, is on the dark side of the moon that remains mysterious as it perpetually faces away from Earth.", "order": 2}}, {"model": "api.paragraph", "pk": 3, "fields": {"title": "Foreighn Payloads", "content": "News\r\n|\r\nSpace\r\nChina launches Chang’e-6 probe to study dark side of the moon\r\n\r\nUnprecedented 53-day mission aims to retrieve lunar rocks and soil from far side that never faces Earth.\r\nThis picture shows a Long March 5 rocket, carrying the Chang'e-6 mission lunar probe, at the Wenchang Space Launch Centre in southern China's Hainan Province on May 3, 2024. China is set on May 3 to launch a probe to collect samples from the far side of the Moon, a world first as Beijing pushes ahead with an ambitious programme that aims to send a crewed lunar mission by 2030. (Photo by HECTOR RETAMAL / AFP)\r\nVideo Duration 00 minutes 32 seconds 00:32\r\nPublished On 3 May 20243 May 2024\r\n\r\nSave articles to read later and create your own reading list.\r\n\r\nChina’s largest rocket has blasted off to space carrying the Chang’e-6 lunar probe for a nearly two-month mission to retrieve rocks and soil from the far side of the moon, in a world-first attempt.\r\n\r\nThe Long March-5 rocket lifted off at 5:27pm (09:27 GMT) on Friday from the Wenchang Space Launch Centre on the southern island province of Hainan with the more than eight-tonne probe.\r\nKeep reading\r\nlist of 4 items\r\nlist 1 of 4\r\nChina’s youngest-ever astronauts blast off to space station\r\nlist 2 of 4\r\nJapan’s ‘Moon Sniper’ makes successful pinpoint landing, space agency says\r\nlist 3 of 4\r\nUS pulls off first moon landing since 1972 with spacecraft Odysseus\r\nlist 4 of 4\r\nChina to explore 3D printing on moon to build habitats\r\nend of list\r\n\r\nThe launch marks another milestone in China’s lunar and space exploration programme.\r\n\r\n“Collecting and returning samples from the far side of the moon is an unprecedented feat,” Wu Weiren, chief designer of the country’s lunar exploration programme, told state news agency Xinhua.\r\n\r\nChang’e-6 is named after the Chinese mythical moon goddess.\r\n\r\n“We know very little about the moon’s far side. If the Chang’e-6 mission can achieve its goal, it will provide scientists with the first direct evidence to understand the environment and material composition of the far side of the moon, which is of great significance,” he said.\r\n\r\nLike its predecessor Chang’e-5, the Chang’e-6 comprises an orbiter, a lander, and an ascender, as well as a mechanism that allows it to return to Earth, according to Xinhua.\r\n\r\nThe South Pole-Aitken Basin, where Chang’e-6 is set to land, is on the dark side of the moon that remains mysterious as it perpetually faces away from Earth.\r\n\r\nVideo Duration 01 minutes 51 seconds 01:51\r\n\r\nSign up for Al Jazeera\r\nWeekly Newsletter\r\nThe latest news from around the world. Timely. Accurate. Fair.\r\nPlease check your email to confirm your subscription\r\nBy signing up, you agree to our Privacy Policy\r\nprotected by reCAPTCHA\r\n\r\nIn 2018, Chang’e-4 gave China its first unmanned moon landing, also on the far side.\r\n\r\nIn 2020, Chang’e-5 marked the first time humans retrieved lunar samples in 44 years, and Chang’e-6 could make China the first country to retrieve samples from the moon’s “hidden” side.\r\nForeign payloads", "order": 4}}, {"model": "api.paragraph", "pk": 4, "fields": {"title": "", "content": "KENNEDY SPACE CENTER, Fla. — Even a successful crewed test flight of Boeing’s CST-100 Starliner vehicle could create a temporary hiccup in plans to exchange seats between commercial crew vehicles and Soyuz spacecraft going to the International Space Station.\r\n\r\nAt a May 3 briefing here, NASA and Boeing officials said they had completed a launch readiness review for Starliner’s Crew Flight Test (CFT) mission, scheduled to launch no earlier than 10:34 p.m. Eastern May 6 on a United Launch Alliance Atlas 5. Officials said they were working no issues with the spacecraft, and forecasts called for a 95% chance of acceptable launch weather.\r\n\r\nThe CFT mission is intended to be the final test flight for Starliner before NASA certifies it for use on crew rotation missions to the ISS. NASA astronauts Butch Wilmore and Suni Williams will put the spacecraft through its paces on the mission, slated to last a little more than a week.\r\n\r\n“It’s exciting to bring in Starliner and the ULA Atlas 5,” Steve Stich, NASA commercial crew program manager, said at the briefing. “We’ve been striving for commercial crew to have two independent space transportation systems. That’s been our goal from commercial crew’s inception and we’re very close to reaching that goal.”\r\n\r\nA successful CFT mission would allow NASA to certify the vehicle in time for an early 2025 launch of the first operational Starliner mission, designated Starliner-1. NASA has already announced three of the crew members for that flight: NASA astronauts Scott Tingle and Mike Fincke and Canadian Space Agency astronaut Joshua Kutryk.\r\n\r\nThe fourth person to fly on that mission has not yet been assigned. “The final crew assignment for Starliner-1 will be announced following review and approval by the agency and its international partners,” NASA said in November when it announced the addition of Kutryk to the crew.\r\n\r\nSince the Crew-5 mission in the fall of 2022, one seat on commercial crew missions has been assigned to a Russian cosmonaut, part of a seat barter agreement finalized in July 2022 between NASA and Roscosmos. In exchange, a NASA astronaut gets a seat on Soyuz flights to the station, an approach NASA calls “integrated crews” that ensures there will be at least one American and one Russian on the ISS should either Soyuz or commercial crew vehicles suffer problems that ground them.\r\n\r\nAt the May 3 briefing, though, NASA officials said it was unlikely that a Russian cosmonaut would be assigned to Starliner-1. “We expect, on the Roscosmos side, they’re more likely to want to see a long-duration flight also, so we think they’ll want to start to fly with us on Starliner-2,” said Dana Weigel, NASA ISS program manager.\r\n\r\nThat would appear to disrupt the ongoing series of seat exchanges between NASA and Roscosmos. “We’re still working through that with our Roscosmos counterparts. It’s our desire to continue to do integrated crew,” she said, adding that NASA and Roscosmos don’t have an agreement yet in place for exchanging crews in the timeframe that will include Starliner-1.\r\n\r\nAny lapse in integrated crews, she added, would be temporary. “The expectation is, even if we can’t make that swap work, we’ll go back to the integrated crew and swapping for all of the rest of the flights.”", "order": 1}}, {"model": "api.paragraph", "pk": 5, "fields": {"title": "", "content": "Space Exploration Technologies Corporation, commonly referred to as SpaceX, is an American spacecraft manufacturer, launch service provider, defense contractor and satellite communications company headquartered in Hawthorne, California. The company was founded in 2002 by Elon Musk with the goal of reducing space transportation costs and ultimately developing a sustainable colony on Mars. The company currently produces and operates the Falcon 9 and Falcon Heavy rockets along with the Dragon and Starship spacecraft.", "order": 1}}, {"model": "api.paragraph", "pk": 6, "fields": {"title": "", "content": "SpaceX is the first private company to develop a liquid-propellant rocket that has reached orbit; to launch, orbit, and recover a spacecraft; to send a spacecraft to the International Space Station; and to send astronauts to the International Space Station. It is also the first organization of any type to achieve a vertical propulsive landing of an orbital rocket booster and the first to reuse such a booster. The company's Falcon 9 rockets have landed and flown again more than 300 times.[9] As of December 2023, SpaceX has around US$180 billion valuation.[10][11]", "order": 2}}, {"model": "api.paragraph", "pk": 7, "fields": {"title": "", "content": "Chang'e 6, a robotic lunar exploration mission conducted by the China National Space Administration (CNSA), marks China's second endeavor in sample return missions. Launched on May 3, 2024, its objective is to acquire soil and rock samples from the far side of the Moon while conducting scientific experiments on its surface. Named after the Chinese Moon goddess Chang'e, the mission is anticipated to last approximately 53 days.", "order": 1}}, {"model": "api.paragraph", "pk": 8, "fields": {"title": "", "content": "The Chinese Lunar Exploration Program, structured into four phases, aims for incremental technological advancements. Chang'e 6 represents the third phase, focusing on collecting lunar samples and returning them to Earth. The program's ultimate ambition includes the establishment of a robotic research station near the Moon's south pole, paving the way for crewed lunar landings in the 2030s.", "order": 2}}, {"model": "api.paragraph", "pk": 9, "fields": {"title": "", "content": "Chang'e 6 follows the successful return of material by its predecessor, Chang'e 5, from the lunar near side. Unlike its predecessor, Chang'e 6 targets the southern hemisphere of the lunar far side, specifically aiming to land within the South Pole-Aitkin basin. This region's geological significance lies in the potential retrieval of lunar mantle material ejected during the basin's formation.", "order": 3}}, {"model": "api.paragraph", "pk": 10, "fields": {"title": "", "content": "Equipped with a drill and scooping device, the mission's lander is tasked with collecting up to 2 kilograms of lunar far-side material, including surface soil and rocks, as well as subsurface samples. If successful, China will achieve a historic milestone as the first nation to retrieve samples from the far side of the Moon.", "order": 4}}, {"model": "api.paragraph", "pk": 11, "fields": {"title": "", "content": "Chang'e 6's mission architecture includes four modules: the lander, ascender, orbiter, and returner. These modules collaborate to collect, transfer, and return lunar samples to Earth. Additionally, the mission carries scientific payloads from international partners, enhancing its research capabilities. Scheduled to land in the South Pole-Aitken basin in early June, Chang'e 6's progress signifies a significant step forward in lunar exploration and scientific discovery.", "order": 5}}, {"model": "api.paragraph", "pk": 12, "fields": {"title": "", "content": "Queqiao-2, the second communication relay and radio astronomy satellite developed as part of the Chinese Lunar Exploration Program, was launched by the China National Space Administration (CNSA) on March 20, 2024. Its primary function is to support communications from the far side of the Moon and the lunar south pole. This satellite, with a planned operational duration of 8-10 years, operates in a selenocentric frozen orbit and is equipped with advanced instruments such as GENA, EUC, and LOVEX.", "order": 1}}, {"model": "api.paragraph", "pk": 13, "fields": {"title": "", "content": "Inspired by the Chinese tale \"The Cowherd and the Weaver Girl,\" Queqiao-2 aims to enhance communication capabilities for future lunar missions. The initial phase of the International Lunar Research Station (ILRS) necessitates a sophisticated communication network to support up to ten active robots on the Moon's surface. Queqiao-2, positioned in a halo orbit around the Earth-Moon L2 since 2018, was designed to supplement its predecessor and meet the growing demands of upcoming missions.", "order": 2}}, {"model": "api.paragraph", "pk": 14, "fields": {"title": "", "content": "Queqiao-2's design and mission underwent revisions to optimize its functionality. Originally planned to accompany the Chang'e 7 probe, it was later decided to launch Queqiao-2 separately. This decision allowed for the construction of a larger variant of the relay satellite, facilitating its deployment ahead of the Chang'e 6 sample return mission to the Apollo crater on the far side of the Moon.", "order": 3}}, {"model": "api.paragraph", "pk": 15, "fields": {"title": "", "content": "Unlike its predecessor, which operated in inherently unstable halo orbits, Queqiao-2 utilizes a frozen elliptic orbit around the Moon for increased stability. This orbit enables efficient communication with the lunar surface for extended periods, without the need for frequent orbit correction maneuvers. Equipped with advanced communication systems and scientific payloads, Queqiao-2 is poised to revolutionize lunar exploration and deepen our understanding of the Moon's environment.", "order": 4}}, {"model": "api.paragraph", "pk": 16, "fields": {"title": "", "content": "IM-1 was a significant lunar mission conducted in February 2024, jointly executed by NASA's CLPS program and Intuitive Machines (IM). This mission utilized the Nova-C lunar lander, named Odysseus, marking the first successful soft landing on the Moon by a commercial lunar lander. Despite the lander tipping to an unplanned 30-degree angle upon contact with the lunar surface, all instrument payloads remained functional, and the mission was deemed successful. However, subsequent attempts to revive the lander after the lunar night proved unsuccessful, leading to the conclusion of the mission.", "order": 1}}, {"model": "api.paragraph", "pk": 17, "fields": {"title": "", "content": "The Odysseus lander's \"rough\" soft landing represented the first soft lunar landing by an American-made spacecraft since Apollo 17 in 1972 and the first by a private company. It also marked the first time a spacecraft powered by liquid methane and liquid oxygen (methalox) successfully landed on an off-world celestial body. Odysseus carried a total of six payloads developed by NASA, as well as others from commercial and educational customers.", "order": 2}}, {"model": "api.paragraph", "pk": 18, "fields": {"title": "", "content": "The IM-1 mission was preceded by the Peregrine mission by Astrobotic Technology, which launched in January 2024 but was abandoned due to a propellant leak. The selection of the landing site for IM-1, the Malapert-A crater area near the lunar south pole, was based on its relative flatness and safety, as well as its proximity to potential water ice sources for future lunar exploration.", "order": 3}}, {"model": "api.paragraph", "pk": 19, "fields": {"title": "", "content": "Odysseus was equipped with six instruments developed by NASA, including a laser retroreflector array, lidar navigation device, stereo camera, low-frequency radio receiver, Lunar Node-1 beacon, and propellant level monitoring instrument. Additionally, commercial and educational payloads were also onboard, including a camera built by students at Embry–Riddle Aeronautical University and an art project by Jeff Koons.", "order": 4}}, {"model": "api.paragraph", "pk": 20, "fields": {"title": "", "content": "The mission timeline included various key events, such as the commissioning burn, trajectory correction maneuvers, lunar orbit insertion, and the lunar landing itself. Despite encountering challenges, such as a last-minute software patch and unexpected landing angle, the mission achieved significant milestones, including capturing high-resolution images of the lunar surface and successfully landing on the Moon.", "order": 5}}, {"model": "api.paragraph", "pk": 21, "fields": {"title": "", "content": "One notable aspect of the mission was the EagleCam, a deployable CubeSat camera system designed to photograph the lunar landing. Although it encountered complications and was not able to capture post-landing images as initially planned, it demonstrated partial success in its intended demonstration.", "order": 6}}, {"model": "api.paragraph", "pk": 22, "fields": {"title": "", "content": "Surface operations of the Odysseus lander continued for several days after landing, during which it transmitted data and images back to Earth. However, the mission ultimately concluded after the lander lost power during the lunar night, and subsequent attempts to re-establish contact were unsuccessful.", "order": 7}}, {"model": "api.paragraph", "pk": 23, "fields": {"title": "", "content": "Peregrine Mission One, also known as Peregrine Lunar Lander flight 01, was a lunar landing mission conducted by Astrobotic Technology, with the goal of landing the first U.S.-built lunar lander on the Moon since 1972. Launched on January 8, 2024, aboard the Vulcan Centaur VC2S rocket from Cape Canaveral SLC-41, the mission aimed to perform scientific experiments and surface operations on the Moon over a period of 10 days.", "order": 1}}, {"model": "api.paragraph", "pk": 24, "fields": {"title": "", "content": "The Peregrine lander, weighing 1,283 kg, carried payloads for the NASA Commercial Lunar Payload Services (CLPS) program. However, shortly after separating from the Vulcan rocket, a propellant leak developed, preventing the lander from completing its mission. Despite efforts to rectify the issue, the spacecraft was redirected into Earth's atmosphere, where it burned up over the Pacific Ocean on January 18, 2024.", "order": 2}}, {"model": "api.paragraph", "pk": 25, "fields": {"title": "", "content": "Astrobotic's agreement with United Launch Alliance (ULA) in 2017 marked the initial plans for the Peregrine mission. By May 2019, the mission had secured contracts for 14 payloads from NASA and 14 commercial payloads, including rovers and scientific instruments. However, delays in the Vulcan Centaur rocket's maiden flight pushed the launch date to January 2024.", "order": 3}}, {"model": "api.paragraph", "pk": 26, "fields": {"title": "", "content": "The Peregrine lander, based on Astrobotic's previous concept lander Griffin, featured a reconfigurable aluminum alloy bus and a propulsion system capable of lunar orbit insertion and powered descent. It carried various scientific instruments, including the Linear Energy Transfer Spectrometer (LETS) and the Peregrine Ion-Trap Mass Spectrometer (PITMS), designed to analyze the lunar exosphere.", "order": 4}}, {"model": "api.paragraph", "pk": 27, "fields": {"title": "", "content": "Payloads onboard the Peregrine lander included lunar rovers and instruments from multiple countries, such as the United States, Mexico, and Germany. These payloads aimed to study surface morphology, measure radiation levels, and characterize the lunar environment, among other objectives.", "order": 5}}, {"model": "api.paragraph", "pk": 28, "fields": {"title": "", "content": "The mission's launch trajectory involved a series of burns to enter lunar orbit and approach the lunar surface. However, approximately seven hours after launch, a propellant leak led to the spacecraft's inability to achieve a stable orientation. Despite initial efforts to stabilize the spacecraft, it ultimately remained in Earth's orbit and was directed to burn up in the atmosphere to avoid space debris.", "order": 6}}, {"model": "api.paragraph", "pk": 29, "fields": {"title": "", "content": "Despite the setback, Peregrine Mission One laid the groundwork for future CLPS missions, with the second mission, Intuitive Machines' Odysseus, successfully landing on the Moon in February 2024. Astrobotic plans to make a second landing attempt with the larger Griffin lander and VIPER rover, scheduled for November 2024.", "order": 7}}, {"model": "api.paragraph", "pk": 30, "fields": {"title": "", "content": "In summary, Peregrine Mission One represented a significant milestone in lunar exploration efforts, despite encountering technical challenges that prevented its successful completion. The mission's legacy continues to shape the future of lunar exploration and the development of commercial space technologies.", "order": 8}}, {"model": "api.paragraph", "pk": 31, "fields": {"title": "", "content": "Smart Lander for Investigating Moon (SLIM) is a lunar lander mission operated by the Japan Aerospace Exploration Agency (JAXA). It was initially slated for launch in 2021 but was postponed to 2023 due to delays with its rideshare mission, the X-Ray Imaging and Spectroscopy Mission (XRISM). SLIM finally launched on September 6, 2023, at 23:42 UTC, separating from XRISM on the same day.", "order": 1}}, {"model": "api.paragraph", "pk": 32, "fields": {"title": "", "content": "After executing its trans-lunar orbit injection burns on October 1, 2023, SLIM entered lunar orbit on December 25, 2023, and successfully landed on the Moon on January 19, 2024, at 15:20 UTC. This achievement marked Japan as the fifth country to perform a soft landing on the Moon, after the Soviet Union, United States, China, and India. Initially, the lander faced technical difficulties with its solar panels not oriented toward the Sun, but it became operational later, surviving three lunar nights.", "order": 2}}, {"model": "api.paragraph", "pk": 33, "fields": {"title": "", "content": "The primary objective of SLIM was to demonstrate precise lunar landing capabilities. During its descent, the lander utilized facial recognition technology to identify lunar craters and relied on observation data from the SELENE (Kaguya) lunar orbiter mission to determine its location. SLIM aimed for a soft landing accuracy within a range of 100 meters, a significant improvement compared to past missions.", "order": 3}}, {"model": "api.paragraph", "pk": 34, "fields": {"title": "", "content": "SLIM's development began in 2005 under the name Small Lunar Landing Experiment Satellite. It was selected by JAXA in February 2015, with Mitsubishi Electric (MELCO) contracted to build the spacecraft. The mission faced funding challenges, leading to its launch being switched from a dedicated Epsilon flight to a rideshare H-IIA flight.", "order": 4}}, {"model": "api.paragraph", "pk": 35, "fields": {"title": "", "content": "The mission featured two lunar rovers: Lunar Excursion Vehicle 1 (LEV-1) and Lunar Excursion Vehicle 2 (LEV-2). LEV-1, equipped with communication equipment and scientific instruments, successfully hopped across the lunar surface, while LEV-2, developed in collaboration with toy companies, employed a hopping locomotion method inspired by frogs and sea turtles.", "order": 5}}, {"model": "api.paragraph", "pk": 36, "fields": {"title": "", "content": "SLIM's operations were divided into lunar days, with the lander waking up periodically after surviving the harsh lunar nights. It resumed communication on January 28, 2024, after being dormant for a week due to lighting conditions. The lander continued to operate through subsequent lunar days, sending back valuable data and images to Earth.", "order": 6}}, {"model": "api.paragraph", "pk": 37, "fields": {"title": "", "content": "Despite initial setbacks, SLIM's mission demonstrated Japan's capabilities in lunar exploration and contributed to advancing the understanding of lunar surface operations. The successful landing and operational activities of SLIM pave the way for future lunar missions and exploration endeavors.", "order": 7}}, {"model": "api.paragraph", "pk": 38, "fields": {"title": "", "content": "Luna 25, also known as Luna-25, was a Russian lunar lander mission launched by Roscosmos in August 2023 with the aim of landing near the lunar south pole, close to the Boguslawsky crater. The mission, initially named Luna-Glob lander, was part of the Luna-Glob lunar exploration program and sought to continue the legacy of the Soviet Luna program from the 1970s. It represented Russia's first lunar lander mission since the Soviet era and was intended to be the first lander to touch down at the lunar south pole.", "order": 1}}, {"model": "api.paragraph", "pk": 39, "fields": {"title": "", "content": "The Luna 25 mission was launched on August 10, 2023, atop a Soyuz-2.1b rocket from the Vostochny Cosmodrome in Russia. It entered lunar orbit on August 16, aiming for a landing on August 21. However, the mission faced a major setback when, on August 19 at 11:57 UTC, the lander crashed onto the lunar surface following a failed orbital maneuver. The crash occurred after a maneuvering engine malfunctioned, leading to an unintended trajectory intersecting with the Moon's surface.", "order": 2}}, {"model": "api.paragraph", "pk": 40, "fields": {"title": "", "content": "Historically, the Luna 24 mission, launched in 1976, was the last Soviet craft to land on the Moon before Luna 25. Plans for Luna 25 began in the late 1990s, with various design evaluations taking place by 1998. The mission faced delays and challenges throughout the 2000s, including attempts at international collaboration and pressure from other space projects. The final design of Luna 25 featured only a lander, equipped with scientific instruments for testing landing technology and conducting research on the lunar surface.", "order": 3}}, {"model": "api.paragraph", "pk": 41, "fields": {"title": "", "content": "The intended landing site for Luna 25 was near the Boguslawsky crater, with backup locations identified in case of unforeseen circumstances. The mission carried a payload of 30 kg comprising eight Russian science instruments, including tools for analyzing regolith, measuring plasma, conducting infrared spectrometry, and imaging. Despite extensive planning and investment, Luna 25 faced technical difficulties leading to its failure.", "order": 4}}, {"model": "api.paragraph", "pk": 42, "fields": {"title": "", "content": "The crash of Luna 25 resulted in the loss of contact with the spacecraft just 47 minutes after the start of the engine firing. Efforts to locate and re-establish contact with the lander were unsuccessful, prompting the formation of a commission to investigate the incident. The likely impact crater of Luna 25 was identified on the steep inner rim of the Pontécoulant G crater, significantly short of its intended landing point.", "order": 5}}, {"model": "api.paragraph", "pk": 43, "fields": {"title": "", "content": "The failure of Luna 25 highlighted the challenges and risks associated with lunar exploration missions, particularly in the precision and reliability of spacecraft maneuvers. Despite the setback, the Luna-Glob program and Russia's ambitions for lunar exploration continue, albeit with lessons learned from the Luna 25 mission. The crash underscored the complexities of space missions and the importance of thorough testing and contingency planning in future endeavors.", "order": 6}}, {"model": "api.paragraph", "pk": 44, "fields": {"title": "", "content": "Chandrayaan-3, the third mission in India's Chandrayaan programme, aimed to further lunar exploration through the deployment of a Vikram lunar lander and a Pragyan lunar rover, alongside a propulsion module facilitating the journey from Earth orbit to lunar orbit. Launched on 14 July 2023 from Satish Dhawan Space Centre, it successfully entered lunar orbit on 5 August, marking the first landing near the lunar south pole on 23 August at 69°S, a milestone for India as the fourth country to achieve such a feat. The lander and rover, however, faced operational limitations due to the onset of the lunar night, ceasing surface operations twelve days post-landing.", "order": 1}}, {"model": "api.paragraph", "pk": 45, "fields": {"title": "", "content": "The mission builds upon the previous Chandrayaan-2 attempt in 2019, which encountered challenges during the lander's descent near the lunar south pole. Chandrayaan-3's landing site in this region holds scientific significance due to the presence of ice, providing valuable insights into lunar and Earth history, and potentially serving as a resource for future missions and exploration. Collaborative efforts with ESA and NASA support tracking and data transmission, enhancing global cooperation in space exploration.", "order": 8}}, {"model": "api.paragraph", "pk": 46, "fields": {"title": "", "content": "Notable achievements of Chandrayaan-3 include a laser experiment conducted in collaboration with NASA's Lunar Reconnaissance Orbiter, utilizing a retroreflector onboard the Vikram lander. This experiment aimed to aid in determining the lander's location on the lunar surface, contributing to future missions' navigation and research. Additionally, the mission objectives encompassed engineering a safe landing, demonstrating rover capabilities, and conducting experiments to study lunar materials' composition.", "order": 3}}, {"model": "api.paragraph", "pk": 47, "fields": {"title": "", "content": "The spacecraft comprises three main components: the propulsion module, the Vikram lander, and the Pragyan rover. The propulsion module facilitated lunar orbit insertion and later returned to Earth orbit for continued scientific observations. The Vikram lander executed a controlled descent, equipped with improved altitude control mechanisms to enhance landing precision. The Pragyan rover, designed for surface exploration, conducted various measurements to analyze lunar soil composition and surface features.", "order": 4}}, {"model": "api.paragraph", "pk": 48, "fields": {"title": "", "content": "Payloads aboard the lander and rover included instruments to measure thermal conductivity, seismic activity, plasma density, and elemental composition of lunar materials. Additionally, the propulsion module housed a spectrometer for Earth observations from lunar orbit, contributing to broader scientific objectives.", "order": 5}}, {"model": "api.paragraph", "pk": 49, "fields": {"title": "", "content": "Following successful lunar orbit insertion, the lander performed a series of descent maneuvers, culminating in a soft touchdown on 23 August. The rover, deployed soon after, conducted surface operations until 3 September, completing its assigned tasks before entering sleep mode due to the onset of the lunar night. A brief 'hop' experiment demonstrated mobility capabilities, showcasing potential for future sample return missions.", "order": 6}}, {"model": "api.paragraph", "pk": 50, "fields": {"title": "", "content": "The propulsion module transitioned back to Earth orbit, utilizing remaining fuel for scientific observations and trajectory validation. Subsequent maneuvers raised its apogee and facilitated lunar flybys before exiting lunar orbit. Currently orbiting Earth, the module continues operations, contributing to ongoing research efforts and paving the way for future lunar missions.", "order": 7}}, {"model": "api.paragraph", "pk": 51, "fields": {"title": "", "content": "Space tourism has the potential to be a game-changer for nations with thriving tourism industries. These countries, already accustomed to welcoming visitors seeking unforgettable experiences, stand to benefit immensely from the burgeoning space travel industry. With private companies like SpaceX, Blue Origin, and Virgin Galactic pushing the boundaries of space exploration, what was once a distant dream is now on the brink of becoming a reality.", "order": 1}}, {"model": "api.paragraph", "pk": 52, "fields": {"title": "", "content": "At the heart of the economic impact of space tourism lies the promise of billions of dollars flowing into the economies of participating nations. As the industry matures and becomes more accessible, revenue streams will multiply, encompassing ticket sales, accommodation, dining, transportation, merchandise, and more. This influx of capital has the potential to not only stimulate job creation but also to catalyze economic growth across a spectrum of sectors.", "order": 2}}, {"model": "api.paragraph", "pk": 53, "fields": {"title": "", "content": "Moreover, space tourism represents a golden opportunity for nations to diversify their tourism offerings. For countries heavily reliant on traditional attractions such as beaches, historical sites, or natural wonders, space tourism offers a novel way to attract a different demographic of travelers. By investing in infrastructure like spaceports, training facilities, and space-themed attractions, these nations can tap into an entirely new market segment and bolster their global appeal.", "order": 4}}, {"model": "api.paragraph", "pk": 54, "fields": {"title": "", "content": "The development of a space tourism industry also serves as a catalyst for innovation and technological advancement. From aerospace engineering to hospitality management, the demand for skilled workers will skyrocket, creating job opportunities across a wide range of professions. Furthermore, the pursuit of space tourism drives research and development in areas such as renewable energy, sustainable infrastructure, and environmental conservation, leading to long-term benefits beyond the realm of tourism.", "order": 5}}, {"model": "api.paragraph", "pk": 55, "fields": {"title": "", "content": "Participation in the space tourism industry elevates a nation's brand and visibility on the global stage. By aligning themselves with cutting-edge space exploration projects, countries can position themselves as pioneers in the new space age. This heightened visibility not only attracts tourists but also investors, businesses, and strategic partnerships, further fueling economic growth and development.", "order": 6}}, {"model": "api.paragraph", "pk": 56, "fields": {"title": "", "content": "However, the realization of the full potential of space tourism hinges on several factors. Infrastructure must be developed to support spaceports and related facilities, requiring significant investment and coordination between public and private entities. Additionally, regulations must be established to ensure the safety and sustainability of space tourism operations, while also addressing ethical considerations such as space debris and environmental impact.", "order": 7}}, {"model": "api.paragraph", "pk": 57, "fields": {"title": "", "content": "Despite these challenges, the outlook for space tourism is undeniably promising. As technology continues to advance and costs decrease, space travel will become increasingly accessible to the masses. Nations with the foresight to invest in this burgeoning industry stand to reap the rewards for years to come, solidifying their position as premier destinations for travelers from around the world. As the final frontier beckons, the potential for economic transformation through space tourism is limitless.", "order": 8}}, {"model": "api.paragraph", "pk": 58, "fields": {"title": "", "content": "To develop a human landing system for the agency’s Artemis V mission to the Moon, NASA has selected Blue Origin of Kent, Washington. Through Artemis, NASA will explore more of the Moon than ever before, uncovering more scientific discoveries, and preparing for future astronaut missions to Mars.", "order": 1}}, {"model": "api.paragraph", "pk": 59, "fields": {"title": "", "content": "To develop a human landing system for the agency’s Artemis V mission to the Moon, NASA has selected Blue Origin of Kent, Washington. Through Artemis, NASA will explore more of the Moon than ever before, uncovering more scientific discoveries, and preparing for future astronaut missions to Mars.", "order": 2}}, {"model": "api.paragraph", "pk": 60, "fields": {"title": "", "content": "Blue Origin will design, develop, test, and verify its Blue Moon lander to meet NASA’s human landing system requirements for recurring astronaut expeditions to the lunar surface, including docking with Gateway, a space station where crew transfer in lunar orbit. In addition to design and development work, the contract includes one uncrewed demonstration mission to the lunar surface before a crewed demo on the Artemis V mission in 2029. The total award value of the firm-fixed price contract is $3.4 billion.", "order": 3}}, {"model": "api.paragraph", "pk": 61, "fields": {"title": "", "content": "“Today we are excited to announce Blue Origin will build a human landing system as NASA’s second provider to deliver Artemis astronauts to the lunar surface,” said NASA Administrator Bill Nelson. “We are in a golden age of human spaceflight, which is made possible by NASA’s commercial and international partnerships. Together, we are making an investment in the infrastructure that will pave the way to land the first astronauts on Mars.”", "order": 4}}, {"model": "api.paragraph", "pk": 62, "fields": {"title": "", "content": "For the Artemis V mission, NASA’s SLS (Space Launch System) rocket will launch four astronauts to lunar orbit aboard the Orion spacecraft. Once Orion docks with Gateway, two astronauts will transfer to Blue Origin’s human landing system for about a weeklong trip to the Moon’s South Pole region where they will conduct science and exploration activities. Artemis V is at the intersection of demonstrating NASA’s initial lunar exploration capabilities and establishing the foundational systems to support recurring complex missions in lunar orbit and on the surface as part of the agency’s Moon to Mars exploration approach.", "order": 5}}, {"model": "api.paragraph", "pk": 63, "fields": {"title": "", "content": "Adding another human landing system partner to NASA’s Artemis program will increase competition, reduce costs to taxpayers, support a regular cadence of lunar landings, further invest in the lunar economy, and help NASA achieve its goals on and around the Moon in preparation for future astronaut missions to Mars.", "order": 6}}, {"model": "api.paragraph", "pk": 64, "fields": {"title": "", "content": "The agency previously contracted SpaceX to demonstrate an initial human landing system for the Artemis III mission. Under that contract, the agency also directed SpaceX to evolve its design to meet the agency’s requirements for sustainable exploration and to demonstrate the lander on Artemis IV. As a result of the contract with Blue Origin to demonstrate on Artemis V a lander that meets these same sustainable lander requirements, including capabilities for increased crew size, longer mission duration, and delivery of more mass to the Moon, multiple providers will be available to compete for future opportunities to fulfill NASA’s lunar surface access needs for Artemis missions.", "order": 7}}, {"model": "api.paragraph", "pk": 65, "fields": {"title": "", "content": "By supporting industry’s development of innovative human landing system concepts and designs, NASA will help increase access to space for the benefit of all.", "order": 8}}, {"model": "api.paragraph", "pk": 66, "fields": {"title": "", "content": "“Having two distinct lunar lander designs, with different approaches to how they meet NASA’s mission needs, provides more robustness and ensures a regular cadence of Moon landings,” said Lisa Watson-Morgan, manager, Human Landing System Program at NASA’s Marshall Space Flight Center in Huntsville, Alabama. “This competitive approach drives innovation, brings down costs, and invests in commercial capabilities to grow the business opportunities that can serve other customers and foster a lunar economy.”", "order": 9}}, {"model": "api.image", "pk": 1, "fields": {"image": "article_images/Change-5_mockup_at_ZHAL_01.jpg", "caption": "Long march 5 Rocket", "order": 3}}, {"model": "api.image", "pk": 2, "fields": {"image": "article_images/Chandrayaan-3_Lander.webp.png", "caption": "chanderyaan 3 lander", "order": 2}}, {"model": "api.image", "pk": 3, "fields": {"image": "article_images/spacetourism.webp", "caption": "Space tourism industry", "order": 3}}, {"model": "api.article", "pk": 1, "fields": {"title": "SpaceX", "subtitle": "", "type": "company", "publish_date": "2024-05-09", "author_name": "", "thumbnail": "article_thumbnails/Spacexelonmusk2330.webp", "paragraphs": [5, 6], "images": [], "reference": []}}, {"model": "api.article", "pk": 2, "fields": {"title": "Chang'e 6", "subtitle": "", "type": "launch", "publish_date": "2024-05-10", "author_name": "", "thumbnail": "article_thumbnails/Chang_6cc_5283e782.webp", "paragraphs": [7, 8, 9, 10, 11], "images": [], "reference": []}}, {"model": "api.article", "pk": 3, "fields": {"title": "Queqiao-2", "subtitle": "", "type": "launch", "publish_date": "2024-05-10", "author_name": "", "thumbnail": "article_thumbnails/relaysatelitechina.jpeg", "paragraphs": [12, 13, 14, 15], "images": [], "reference": []}}, {"model": "api.article", "pk": 4, "fields": {"title": "IM-1", "subtitle": "", "type": "launch", "publish_date": "2024-05-10", "author_name": "", "thumbnail": "article_thumbnails/im1-model-side.webp", "paragraphs": [16, 17, 18, 19, 20, 21, 22], "images": [], "reference": []}}, {"model": "api.article", "pk": 5, "fields": {"title": "Peregrine Mission One", "subtitle": "", "type": "launch", "publish_date": "2024-05-10", "author_name": "", "thumbnail": "article_thumbnails/Peregrine-flight-path.png", "paragraphs": [23, 24, 25, 26, 27, 28, 29, 30], "images": [], "reference": []}}, {"model": "api.article", "pk": 6, "fields": {"title": "SLIM", "subtitle": "", "type": "launch", "publish_date": "2024-05-10", "author_name": "", "thumbnail": "article_thumbnails/japan-moon-mission-65af73310db58-1568x882.webp", "paragraphs": [31, 32, 33, 34, 35, 36, 37], "images": [], "reference": []}}, {"model": "api.article", "pk": 7, "fields": {"title": "LUNA 25", "subtitle": "", "type": "launch", "publish_date": "2024-05-10", "author_name": "", "thumbnail": "article_thumbnails/luna_25.jpg", "paragraphs": [38, 39, 40, 41, 42, 43], "images": [], "reference": []}}, {"model": "api.article", "pk": 8, "fields": {"title": "Chandrayaan-3", "subtitle": "", "type": "launch", "publish_date": "2024-05-10", "author_name": "", "thumbnail": "article_thumbnails/Chandrayaan-3_Integrated_Module_in_clean-room_01.webp.png", "paragraphs": [44, 45, 46, 47, 48, 49, 50], "images": [2], "reference": []}}, {"model": "api.article", "pk": 9, "fields": {"title": "Beyond Borders: The Economic Frontier of Space Tourism", "subtitle": "How Nations Can Harness the Cosmic Cash Flow to Transform Their Economies", "type": "general", "publish_date": "2024-05-14", "author_name": "ChatGPT", "thumbnail": "article_thumbnails/spacetourism.webp", "paragraphs": [51, 52, 53, 54, 55, 56, 57], "images": [3], "reference": []}}, {"model": "api.article", "pk": 10, "fields": {"title": "NASA Selects Blue Origin as Second Artemis Lunar Lander Provider", "subtitle": "", "type": "capital", "publish_date": "2024-05-14", "author_name": "", "thumbnail": "article_thumbnails/bluemoon_nasa_option_2023-05-19_01.29.31_0.webp", "paragraphs": [58, 59, 60, 61, 62, 63, 64, 65, 66], "images": [], "reference": []}}, {"model": "api.newsstory", "pk": 1, "fields": {"title": "China launches Chang’e-6 probe to study dark side of the moon", "subtitle": "Unprecedented 53-day mission aims to retrieve lunar rocks and soil from far side that never faces Earth.", "publish_date": "2024-05-06", "author_name": "Ritesh Balayan", "thumbnail": "newsstory_thumbnails/Change-5_mockup_at_ZHAL_01.jpg", "paragraphs": [1, 2, 3], "images": [1], "reference": [1]}}, {"model": "api.newsstory", "pk": 2, "fields": {"title": "Russia may skip first operational Starliner mission", "subtitle": "Russia to make new relevation to amaze the world of space travel", "publish_date": "2024-05-06", "author_name": "Jeff Foust", "thumbnail": "newsstory_thumbnails/Soyuz_science_iss065e431289.webp", "paragraphs": [4], "images": [], "reference": []}}, {"model": "api.people", "pk": 1, "fields": {"name": "Michael Sims"}}, {"model": "api.people", "pk": 2, "fields": {"name": "Jeff Bejos"}}, {"model": "api.people", "pk": 3, "fields": {"name": "Rahul Narayan"}}, {"model": "api.people", "pk": 4, "fields": {"name": "Max Polyakov"}}, {"model": "api.people", "pk": 5, "fields": {"name": "Elon Musk"}}, {"model": "api.company", "pk": 1, "fields": {"name": "China National Space Administration", "logo": "company_logo/China_National_Space_Administration.svg.png", "type": "government", "location": "", "objective": "", "incorporation_date": null, "article": null, "founder": [], "parent_company": [], "daughter_company": [], "reference": []}}, {"model": "api.company", "pk": 2, "fields": {"name": "National Aeronautics and Space Administration", "logo": "company_logo/nasa-logo-web-rgb.webp", "type": "government", "location": "", "objective": "", "incorporation_date": "1958-07-29", "article": null, "founder": [], "parent_company": [], "daughter_company": [], "reference": []}}, {"model": "api.company", "pk": 3, "fields": {"name": "Indian Space Research Organisation", "logo": "company_logo/Indian_Space_Research_Organisation_Logo.svg.png", "type": "government", "location": "", "objective": "", "incorporation_date": "1969-08-15", "article": null, "founder": [], "parent_company": [], "daughter_company": [], "reference": []}}, {"model": "api.company", "pk": 4, "fields": {"name": "Astrobotic", "logo": "company_logo/Astrobotic_Technology_Logo.svg.png", "type": "private", "location": "", "objective": "", "incorporation_date": "2007-01-01", "article": null, "founder": [], "parent_company": [], "daughter_company": [], "reference": []}}, {"model": "api.company", "pk": 5, "fields": {"name": "Blue Origins", "logo": "company_logo/Blue_Origin_Feather.svg.png", "type": "private", "location": "", "objective": "", "incorporation_date": "2002-08-09", "article": null, "founder": [2], "parent_company": [], "daughter_company": [], "reference": []}}, {"model": "api.company", "pk": 6, "fields": {"name": "Ceres Robotics", "logo": "company_logo/ceres_robotics.webp", "type": "private", "location": "Palo Alto, California , US", "objective": "", "incorporation_date": "2017-01-01", "article": null, "founder": [1], "parent_company": [], "daughter_company": [], "reference": []}}, {"model": "api.company", "pk": 7, "fields": {"name": "Deep Space Systems", "logo": "company_logo/Deep-Space-Systems-logo.png", "type": "private", "location": "Littleton, Colorado , US", "objective": "", "incorporation_date": "2001-01-01", "article": null, "founder": [], "parent_company": [], "daughter_company": [], "reference": []}}, {"model": "api.company", "pk": 8, "fields": {"name": "Draper Laboratory", "logo": "company_logo/drapper_logo.png", "type": "private", "location": "Cambridge, MA, US", "objective": "", "incorporation_date": "1932-01-01", "article": null, "founder": [], "parent_company": [], "daughter_company": [], "reference": []}}, {"model": "api.company", "pk": 9, "fields": {"name": "Google", "logo": "company_logo/image8-2.webp", "type": "", "location": "", "objective": "", "incorporation_date": null, "article": null, "founder": [], "parent_company": [], "daughter_company": [], "reference": []}}, {"model": "api.company", "pk": 10, "fields": {"name": "TeamIndus", "logo": "company_logo/team_indus.jpg", "type": "private", "location": "Bangelure, India", "objective": "", "incorporation_date": "2010-01-01", "article": null, "founder": [3], "parent_company": [], "daughter_company": [], "reference": []}}, {"model": "api.company", "pk": 11, "fields": {"name": "European Space Agency", "logo": "company_logo/ESA_logo_2020_Deep-1024x643.jpg", "type": "government", "location": "", "objective": "", "incorporation_date": null, "article": null, "founder": [], "parent_company": [], "daughter_company": [], "reference": []}}, {"model": "api.company", "pk": 12, "fields": {"name": "Firefly Aerospace", "logo": "company_logo/firefly-aerospace5483.logowik.com.webp", "type": "private", "location": "USA", "objective": "", "incorporation_date": "2017-03-01", "article": null, "founder": [4], "parent_company": [], "daughter_company": [], "reference": []}}, {"model": "api.company", "pk": 13, "fields": {"name": "Intuitive Machines", "logo": "company_logo/intuative_machines_logo.png", "type": "private", "location": "Houston, Texas , United States", "objective": "", "incorporation_date": "2013-01-01", "article": null, "founder": [], "parent_company": [], "daughter_company": [], "reference": []}}, {"model": "api.company", "pk": 14, "fields": {"name": "Lockheed Martin Space", "logo": "company_logo/Lockheed-Martin-Space-landscape.png", "type": "private", "location": "USA", "objective": "", "incorporation_date": null, "article": null, "founder": [], "parent_company": [], "daughter_company": [], "reference": []}}, {"model": "api.company", "pk": 15, "fields": {"name": "Moon Express", "logo": "company_logo/moonexpress.jpg", "type": "private", "location": "", "objective": "", "incorporation_date": "2010-01-01", "article": null, "founder": [], "parent_company": [], "daughter_company": [], "reference": []}}, {"model": "api.company", "pk": 16, "fields": {"name": "OrbitBeyond", "logo": "company_logo/orbitbeyond_cover.jpeg", "type": "private", "location": "Edison, New Jersey , US", "objective": "", "incorporation_date": "2018-01-01", "article": null, "founder": [], "parent_company": [], "daughter_company": [], "reference": []}}, {"model": "api.company", "pk": 17, "fields": {"name": "Sierra Nevada Corporation", "logo": "company_logo/snc.png", "type": "private", "location": "Sparks, Nevada, U.S", "objective": "", "incorporation_date": null, "article": null, "founder": [], "parent_company": [], "daughter_company": [], "reference": []}}, {"model": "api.company", "pk": 18, "fields": {"name": "SpaceX", "logo": "company_logo/SpaceX_Logo_Black.png", "type": "private", "location": "", "objective": "Take Humans to Mars", "incorporation_date": "2014-03-14", "article": 1, "founder": [5], "parent_company": [], "daughter_company": [], "reference": []}}, {"model": "api.company", "pk": 19, "fields": {"name": "JAXA", "logo": "company_logo/1200px-Jaxa_logo.svg.png", "type": "government", "location": "Tokyo, Japan", "objective": "", "incorporation_date": "2003-10-01", "article": null, "founder": [], "parent_company": [], "daughter_company": [], "reference": []}}, {"model": "api.company", "pk": 20, "fields": {"name": "Roscosmos", "logo": "company_logo/roscosmos.png", "type": "government", "location": "", "objective": "", "incorporation_date": "1992-02-25", "article": null, "founder": [], "parent_company": [], "daughter_company": [], "reference": []}}, {"model": "api.company", "pk": 21, "fields": {"name": "Dynetics", "logo": "company_logo/dynatics.png", "type": "private", "location": "Huntsville, Alabama , United States", "objective": "", "incorporation_date": null, "article": null, "founder": [], "parent_company": [], "daughter_company": [], "reference": []}}, {"model": "api.project", "pk": 1, "fields": {"name": "Chinese Lunar Exploration Program", "logo": "project_logo/CLEP.png", "objective": "", "start_date": null, "article": null, "developers": [1], "codevelopers": [], "parent_projects": [], "daughter_projects": [], "reference": []}}, {"model": "api.project", "pk": 2, "fields": {"name": "Artemis program", "logo": "project_logo/Artemis_program_original_with_wordmark.svg.png", "objective": "", "start_date": "2020-05-16", "article": null, "developers": [2], "codevelopers": [], "parent_projects": [], "daughter_projects": [3, 5], "reference": []}}, {"model": "api.project", "pk": 3, "fields": {"name": "Commercial Lunar Payload Services", "logo": "project_logo/CLPS_Key-Art-2_1-With-Title_v01.webp", "objective": "", "start_date": null, "article": null, "developers": [2, 21], "codevelopers": [4, 5, 6, 7, 8, 12, 13, 14, 15, 16, 17, 18], "parent_projects": [2], "daughter_projects": [], "reference": []}}, {"model": "api.project", "pk": 4, "fields": {"name": "Google Lunar X Prize", "logo": "project_logo/img_prod_co_google_lunar_xprize_fulldome_producer.jpg", "objective": "", "start_date": null, "article": null, "developers": [9, 10, 15], "codevelopers": [], "parent_projects": [], "daughter_projects": [], "reference": []}}, {"model": "api.project", "pk": 5, "fields": {"name": "Lunar Gateway", "logo": "project_logo/Artemis_Gateway_logo.png", "objective": "", "start_date": null, "article": null, "developers": [2, 11], "codevelopers": [], "parent_projects": [2], "daughter_projects": [], "reference": []}}, {"model": "api.project", "pk": 6, "fields": {"name": "Chandrayaan programme", "logo": "project_logo/Chandrayaan-3.webp.png", "objective": "", "start_date": null, "article": null, "developers": [2], "codevelopers": [], "parent_projects": [], "daughter_projects": [], "reference": []}}, {"model": "api.project", "pk": 7, "fields": {"name": "LUNA Program", "logo": "project_logo/Luna_25_mission_patch_RH71swL.png", "objective": "", "start_date": null, "article": null, "developers": [20], "codevelopers": [], "parent_projects": [], "daughter_projects": [], "reference": []}}, {"model": "api.technology", "pk": 1, "fields": {"name": "Sample Return", "article": null, "developer": [], "project": [], "reference": []}}, {"model": "api.technology", "pk": 2, "fields": {"name": "Water Harvesting", "article": null, "developer": [], "project": [], "reference": []}}, {"model": "api.technology", "pk": 3, "fields": {"name": "3D Printing", "article": null, "developer": [], "project": [], "reference": []}}, {"model": "api.technology", "pk": 4, "fields": {"name": "Lunar Communication", "article": null, "developer": [], "project": [], "reference": []}}, {"model": "api.technology", "pk": 5, "fields": {"name": "Far Side of Moon", "article": null, "developer": [], "project": [], "reference": []}}, {"model": "api.technology", "pk": 6, "fields": {"name": "South Pole", "article": null, "developer": [], "project": [], "reference": []}}, {"model": "api.technology", "pk": 7, "fields": {"name": "Helium 3", "article": null, "developer": [], "project": [], "reference": []}}, {"model": "api.technology", "pk": 8, "fields": {"name": "Human Rated", "article": null, "developer": [], "project": [], "reference": []}}, {"model": "api.launch", "pk": 1, "fields": {"name": "Chang'e 6", "status": "ongoing", "logo": "launch_logo/chang6.jpg", "launch_date": "2024-05-03", "mission_length": "Ongoing", "launch_vehicle": "Long March 5", "objective": "obtain a sample of soil and rock from the far side of the Moon.", "article": 2, "primary_owner": [1], "secondary_owner": [], "project": [1], "technology": [1, 4, 5, 6], "reference": []}}, {"model": "api.launch", "pk": 2, "fields": {"name": "Queqiao-2", "status": "ongoing", "logo": "launch_logo/queqiao-2-CZ8-launch-20-march2024-CNSA-1.jpg", "launch_date": "2024-03-20", "mission_length": "", "launch_vehicle": "Long March 8", "objective": "support communications from the far side of the Moon and the Lunar south pole.", "article": 3, "primary_owner": [1], "secondary_owner": [], "project": [1], "technology": [4, 5, 6], "reference": []}}, {"model": "api.launch", "pk": 3, "fields": {"name": "IM-1", "status": "ongoing", "logo": "launch_logo/facon9_IM1.jpg", "launch_date": "2024-02-15", "mission_length": "", "launch_vehicle": "Falcon 9", "objective": "Odysseus carried six payloads developed by NASA in addition to others from commercial and educational customers.", "article": 4, "primary_owner": [13], "secondary_owner": [2], "project": [2, 3], "technology": [6], "reference": []}}, {"model": "api.launch", "pk": 4, "fields": {"name": "Peregrine Mission One", "status": "failed", "logo": "launch_logo/vulcan.webp", "launch_date": "2024-01-08", "mission_length": "", "launch_vehicle": "Vulcan Centaur", "objective": "", "article": 5, "primary_owner": [4], "secondary_owner": [2], "project": [2, 3], "technology": [], "reference": []}}, {"model": "api.launch", "pk": 5, "fields": {"name": "SLIM", "status": "ongoing", "logo": "launch_logo/SLIM_Rocket.jpg", "launch_date": "2023-09-06", "mission_length": "", "launch_vehicle": "H-II", "objective": "making Japan the fifth country to soft-land a spacecraft on the Moon", "article": 6, "primary_owner": [19], "secondary_owner": [], "project": [], "technology": [], "reference": []}}, {"model": "api.launch", "pk": 6, "fields": {"name": "Luna 25", "status": "failed", "logo": "launch_logo/luna-25.jpg", "launch_date": "2023-08-10", "mission_length": "", "launch_vehicle": "Soyuz", "objective": "would have been the first lander to land on the lunar south pole", "article": 7, "primary_owner": [20], "secondary_owner": [], "project": [7], "technology": [6], "reference": []}}, {"model": "api.launch", "pk": 7, "fields": {"name": "Chandrayaan-3", "status": "ongoing", "logo": "launch_logo/LVM-2.webp", "launch_date": "2023-07-14", "mission_length": "", "launch_vehicle": "LVM3", "objective": "", "article": 8, "primary_owner": [3], "secondary_owner": [], "project": [6], "technology": [6], "reference": []}}, {"model": "api.capitaltocomapny", "pk": 1, "fields": {"name": 5, "amount": null, "Reference": []}}, {"model": "api.capitaltocomapny", "pk": 2, "fields": {"name": 5, "amount": 0, "Reference": []}}, {"model": "api.capitaltocomapny", "pk": 3, "fields": {"name": 18, "amount": 0, "Reference": []}}, {"model": "api.capitaltocomapny", "pk": 4, "fields": {"name": 21, "amount": 0, "Reference": []}}, {"model": "api.capitaltoproject", "pk": 1, "fields": {"name": 3, "amount": null, "Reference": []}}, {"model": "api.capitaltoproject", "pk": 2, "fields": {"name": 3, "amount": 0, "Reference": []}}, {"model": "api.capital", "pk": 1, "fields": {"name": "Second Artemis Lunar Lander Provider", "type": "contract", "amount": null, "date": "2023-05-19", "status": "announced", "article": 10, "capital_from": [2], "capital_to_company": [1], "capital_to_project": [1], "capital_to_technology": [], "capital_to_probe": [], "capital_to_launch": [], "parent_capital": [2], "daughter_capital": [], "reference": [2]}}, {"model": "api.capital", "pk": 2, "fields": {"name": "Human Landers for Artemis Moon Missions", "type": "grant", "amount": null, "date": "2020-04-30", "status": "delievered", "article": null, "capital_from": [2], "capital_to_company": [2, 3, 4], "capital_to_project": [2], "capital_to_technology": [], "capital_to_probe": [], "capital_to_launch": [], "parent_capital": [], "daughter_capital": [1], "reference": [3]}}]